Signal Quality, Attention, Meditation, Delta, Theta, Low Alpha, High Alpha, Low Beta, High Beta, Low Gamma, High Gamma
0,37,66,113604,26503,4736,3954,3477,965,1062,923
0,24,51,65286,21854,2881,2219,8484,960,787,872
0,17,51,569685,55637,13879,5294,5283,3346,1949,2197
0,24,30,52137,43712,1309,2817,4305,2151,2067,1382
0,30,34,1028301,162910,27236,35727,32261,13401,20892,15903
0,38,50,258759,26884,17178,8829,5715,3450,3689,8094
0,48,51,103715,20087,7766,4379,5584,4144,1210,1001
0,53,77,228406,79177,83665,23590,12918,14932,7313,6072
0,64,70,1427761,145180,20833,19685,27349,34813,11483,11863
0,60,63,276403,48700,12659,6853,7084,3146,2982,3147
0,50,61,473446,82307,17910,9702,4836,5237,1623,1588
0,54,50,815041,75588,43852,6436,40418,18368,6045,4051
0,48,54,759787,45966,9047,6836,6396,6443,1958,1334
0,51,47,475237,496267,47550,46718,31614,36169,34736,9847
0,50,40,104760,136809,12219,11938,6399,7053,4206,4080
0,41,30,80812,34113,739,4929,1259,1969,2285,1594
0,38,30,189988,22788,2774,4542,3478,2136,2239,1893
0,50,38,696163,238448,34561,69368,22488,61363,39810,11772
0,54,44,590660,60429,13668,6348,2542,6396,2346,472
0,54,56,673115,205378,98448,9179,16637,14677,3899,985
0,61,64,115329,14511,4886,9140,3297,4221,1648,1488
0,54,50,435530,35601,1478,1825,3197,3128,974,766
0,51,48,119366,21200,3008,2961,712,1649,237,250
0,63,43,192734,129828,20538,26294,4320,29056,17650,2855
0,64,48,347222,94454,46505,104389,17289,47079,34173,8000
0,66,64,1540334,72816,9082,24940,18029,10833,8797,9191
0,69,66,99964,35850,9963,2746,2786,3580,2521,1922
0,69,70,382406,68247,48846,9804,15274,25013,7521,6723
0,66,47,3016698,513352,39821,14456,69910,79553,68553,6938
0,51,38,1266420,410116,40139,23093,22472,9673,10537,2643
0,47,34,537908,563516,22650,84046,39952,30850,36634,21879
0,29,21,404795,258434,26074,25646,21339,10635,17266,17817
0,29,37,1138715,290760,103118,124784,168121,76636,54073,33940
0,41,41,1799770,453530,56292,69155,24558,33812,22606,5487
0,60,43,1081946,267376,42480,48641,61666,109711,44935,6690
0,75,50,226400,19599,6017,3984,5038,4092,2098,456
0,75,54,176439,55696,47075,7970,18888,18398,11120,8289
0,77,57,412812,26904,4602,7347,2458,3061,1902,816
0,77,66,328293,90433,27427,58581,33391,56512,46026,12515
0,83,61,275079,31795,1866,7427,1773,9311,3170,1794
0,77,54,546798,56662,14109,5566,1535,6978,3241,5356
0,77,51,1185382,332493,79942,17734,22321,32308,39627,34660
0,74,51,837236,29478,2782,20126,13414,10796,11050,12784
0,53,54,447288,266183,74347,25488,15388,13302,8165,3559
0,60,50,126228,47241,3349,8622,4879,11250,3832,1276
0,60,35,2335616,531571,6729,27322,35830,44740,59518,28465
0,40,21,1009614,513760,12852,47494,12695,14745,15382,29053
0,54,16,711522,224179,30745,35076,56715,48432,28502,12712
0,53,29,1238955,37989,12365,21414,3298,11302,5539,1751
0,57,54,907727,93485,60442,32557,20666,20729,7088,4876
0,67,63,1093050,100468,6969,22302,10736,9436,4149,2400
0,56,75,801307,102373,72802,18409,13787,8951,13874,14469
0,44,64,1465049,993394,202563,80585,30146,63042,63143,33813
0,48,67,437118,109005,122516,52494,23528,47670,26936,12106
0,51,74,1449287,354026,103872,60012,52538,51469,32737,13756,*
0,54,57,429775,136902,21997,2292,3582,11358,6235,2972
0,63,51,506400,87080,9103,6114,12861,10308,5313,5183
0,53,47,58918,45591,21393,6453,2894,4197,10672,10780
0,48,38,183659,128039,18544,9087,6085,9544,5804,7202
0,54,43,334806,259493,43652,22707,9874,42048,96392,6272
0,64,64,141329,2712,8579,7993,6356,5939,2760,1620
0,78,70,1396027,40387,44545,73735,37928,37172,32802,23194
0,81,80,754240,35254,8045,15228,5999,5544,3630,1424
0,75,83,674382,163297,38459,21189,20784,17977,19286,14519
0,54,56,947534,484465,37813,13826,25270,23990,16021,5260
0,41,38,133807,184805,22661,8506,5934,16152,18380,4958
0,44,26,613039,86581,8280,12335,45439,13452,8903,2723
0,40,16,2785846,1238829,116533,46834,41252,73444,70311,83447
0,54,44,1384776,23689,44446,17748,14651,14639,12669,9971
0,61,50,1164654,281396,49965,40833,10707,51196,18186,12962
0,60,70,226210,41528,72656,22536,14837,15224,16117,1560,*
26,60,70,605777,22322,4204,4628,3498,2895,1280,282
0,56,77,194109,61615,8735,5530,3545,3216,3800,4236
0,51,57,601409,257648,39121,38678,44416,36565,46844,48885
0,54,66,127937,17765,11575,12304,10086,7806,8864,3946
0,61,61,446259,179753,144411,82230,46419,87676,57681,11324
0,70,57,661052,118591,17195,4764,9324,13748,9765,5004
0,64,60,667708,69716,11285,12246,12522,5352,6894,5297
0,67,54,253124,60498,22278,12091,16665,25721,21810,13891
0,48,43,1204692,138486,15489,20098,5903,5103,1993,921
0,48,54,468833,119189,27760,41976,12625,16736,9954,2810
0,61,51,682041,66401,12444,10152,31208,15540,5581,6211,*
0,47,50,2411756,468458,141967,36152,45103,38585,43306,33828
0,60,53,791665,182840,36692,51303,37493,31303,21992,23614
0,64,43,196933,88843,13289,8099,16596,19671,3543,6140
0,57,50,73575,21497,6662,3601,2529,3205,1337,644
0,66,61,126364,27661,15339,21609,1547,8125,4271,1541
0,53,50,1187297,523413,48969,7732,44600,20444,28947,17737
0,41,53,422295,194949,34355,20093,24192,13237,8369,5726
0,41,44,88490,87282,9751,10721,17440,12010,9337,6744
0,48,37,1345329,54121,6361,42096,15136,23684,9166,4304
0,60,50,1837802,617722,176362,70656,60202,102711,54900,39382
0,63,53,289877,106488,13312,19797,3214,9338,8548,3593
0,75,57,303020,33933,11172,6115,11005,17065,2699,5462
0,63,53,876701,137695,29162,16319,18636,13156,7236,2942
0,69,47,1127617,59601,5705,10869,8321,16408,11683,4502
0,67,50,2305558,192853,27071,73344,30532,14624,39448,30059
0,56,57,267839,22100,3952,16938,6070,4847,4750,732
0,56,48,115249,56412,2775,3887,2175,4385,2746,1971
0,35,38,728495,251240,11285,11510,12160,7588,9328,5871
0,48,41,452574,30419,11819,26125,23812,14536,5082,3689
0,48,35,1354162,331861,8670,124707,84582,53729,37519,18600
0,53,50,778849,68880,27112,16862,7233,12650,6783,11101
0,77,60,802960,40679,12149,3396,21333,14150,9705,7751
0,81,47,1769991,276901,28277,36637,72773,114711,42472,9954
0,81,48,1157582,363268,96919,64483,26660,59110,17159,16089
0,69,34,1734652,727646,71223,33309,46435,32332,91214,40054
0,53,35,817429,29428,4767,4401,3829,1714,1659,1578
0,35,40,1437474,905156,120011,99903,66464,61717,55751,36331
0,34,34,1620143,168622,10421,27878,20298,20255,8323,3172
0,50,44,763463,53983,18819,12655,10864,17530,2988,4349
0,47,44,578589,84019,11985,9975,1542,3320,1903,2600
0,47,40,341908,328375,36922,10665,22988,18515,12124,13036
0,43,35,355384,56953,3857,6240,18079,5456,4982,1602
0,37,40,868577,448440,310708,70112,54268,92879,49630,30472
0,54,50,957123,23937,14727,13085,4650,9907,5192,1701
0,69,60,425642,36018,4158,25100,32927,14898,5595,7602
0,64,57,443425,90639,5033,5718,10903,3894,2898,4717
0,67,61,99108,28847,14711,22311,9265,13274,3393,3121
0,70,63,1477841,39189,33080,34857,23134,28006,7132,2962
0,50,54,723204,251082,31913,13791,22652,8817,9866,11457
0,47,63,99176,58298,11925,3715,4792,2207,4289,3337
0,37,56,1896076,528195,142939,101900,42493,44933,33584,17593
0,30,40,451859,103625,19340,1600,17319,21685,21342,8384
26,30,40,243698,26330,2790,5471,4617,1688,1321,908
0,43,43,1152095,215599,38956,22580,28782,26384,18296,17208
0,57,38,1130877,949460,55327,152070,115488,160079,57386,60783
0,70,48,1845083,55565,71307,56566,41470,41786,9925,3673
0,70,66,2115625,30695,41854,38774,32298,18345,10780,3386
0,70,80,606471,64983,38778,34208,17451,12679,9190,16256
0,69,88,325486,156327,44185,31954,26777,28025,23345,17849
0,63,81,978839,27014,10349,8094,9619,4870,2949,3854
0,54,77,615907,66777,39255,19323,10800,9820,6106,8551
0,56,69,931576,64473,15754,13410,12637,10204,1812,759
0,48,61,517350,52112,6581,5536,4493,3158,1077,3983
0,38,61,227193,146558,34339,40164,25401,9412,14108,6113
0,44,43,418933,30624,1047,3282,3017,4229,3043,2461
0,53,48,2222368,62249,42837,13266,11098,30240,6458,4045
0,54,48,796590,238868,30515,24204,17392,17579,7012,7599
0,56,40,172389,30714,957,6594,3958,1801,6123,2390
0,34,41,584757,139038,13069,6238,4643,1876,1995,1027
0,17,29,117320,63149,5899,6306,2887,4313,3465,632
0,17,29,1379506,221076,36664,13844,33052,16849,13939,11318
0,13,27,1469948,253542,20466,35440,17343,10099,9474,8965
0,20,14,1801181,1960586,22445,33375,68479,45641,65993,65586
0,20,23,725878,119767,24349,24644,10585,10340,10225,3075
0,29,41,2027424,65677,55341,32766,9107,23002,5235,1816
0,35,53,1173525,416334,165063,89445,39765,38292,40290,20596
0,47,74,568777,77705,9867,12315,6256,7285,10552,8168
0,48,66,101780,20969,1161,2881,3122,1763,964,810
0,43,61,2400708,588651,232921,162975,91720,99319,34931,18610
0,61,56,273457,8677,1903,2339,1534,4413,895,535
0,56,60,1019047,409530,86304,48138,17525,24063,12163,7560
0,60,60,71001,169518,24209,13777,41314,19039,32246,35858
0,57,51,647777,149766,1205,35670,17722,15260,34269,10243
0,57,56,21043,7287,4697,3245,2614,5580,1281,1139
0,74,57,238519,8554,3261,916,1133,2221,1818,597
0,63,56,357322,844254,98453,26073,66370,32924,38548,27734
0,61,60,996967,366623,84591,78724,101702,37953,59890,66432
0,43,48,1135144,216804,12915,26139,4471,15355,9834,2797
0,43,44,245112,75773,9338,18674,7662,18465,7641,1868
0,48,56,1690564,62555,15475,16732,3054,5897,5831,7579
0,43,48,78624,60520,6716,1994,2614,3000,1856,2244
0,37,56,681347,196386,22463,54907,23548,7983,5718,12633
0,23,54,2828289,841905,128316,122217,88797,56305,42804,11344
0,24,64,1315149,70396,77979,33421,11702,12445,9136,3152
0,37,87,230640,5803,10151,4283,3920,2995,2634,1726
0,30,80,409475,218274,30761,8345,3799,4028,8893,10024
0,29,83,57311,27285,8640,2187,1234,1722,1890,1206
0,37,67,1272047,93534,11606,24785,13318,16539,6369,1993
0,43,60,782066,43323,29620,15387,15991,24492,5619,1465
0,60,75,240706,12120,7195,6276,1340,1958,2384,819
0,63,70,90672,129894,34675,5209,20386,10384,9884,6255
0,61,67,914844,59879,9093,6264,15212,9031,12583,12572
0,54,54,274485,96324,14530,2794,16827,15084,10054,1236
0,50,30,492838,357218,19776,5698,11405,16645,3868,3514
0,60,35,200358,11121,4188,2797,5320,3087,1832,1224
0,48,30,1162043,175791,24859,4966,33867,7668,5522,4446
0,34,23,913195,284189,12045,5206,4261,9320,6626,4458
0,30,21,272451,187438,5195,5900,5981,7278,7414,2332
0,17,8,49961,35778,946,2821,789,1891,961,757
0,20,4,756302,1057661,54502,47715,49048,51865,16865,4968
0,17,16,142205,59107,6896,6724,3475,1815,1161,1504
0,20,37,764041,334128,120810,47629,58143,26364,29454,9473
0,24,40,1986081,394029,7733,74285,178600,33837,28981,13319
0,40,56,807722,85494,39877,23704,24174,31566,4405,2638
0,50,56,1914209,299459,42213,30155,25679,25106,5993,8957
0,54,48,1262727,137072,17768,11399,11911,13843,4744,10527
0,61,53,218647,140950,23369,12054,14219,23205,55012,31570
0,53,38,239548,56020,3910,3956,14518,6523,7979,5433
0,48,38,210347,54384,1994,9667,3077,3000,1248,719
0,43,48,116558,46903,24536,6493,4559,3671,538,525
0,50,61,357853,25289,16367,19159,7564,14511,7493,7106
0,48,75,603830,169184,67499,32356,21372,22837,17138,16119
0,56,75,1113336,104842,18248,10067,28348,12406,5149,2493
0,61,77,447681,291180,167066,78813,28107,52126,16693,8814
0,54,48,383712,193079,4333,4632,5985,25976,2335,2141
0,51,53,582667,295848,183509,45924,16855,32194,4509,5522
0,44,69,1215042,86864,62423,63182,24372,9097,4528,6579
0,38,56,511248,346657,35197,43948,39130,21972,20730,36395
0,26,60,255409,130918,3557,3690,3777,4964,3028,1250
0,20,38,377827,453565,27653,8528,6502,14392,7186,708
0,17,23,469213,88824,16617,4996,1945,4063,4314,1757
0,23,20,974195,139949,16958,10369,30962,15061,21574,4066
0,29,34,842700,1148862,152757,118888,117848,84503,105167,31954
0,35,40,593570,109080,1501,18825,17666,7391,12430,6928
0,51,50,1472981,154451,122703,45936,44632,54119,37795,15926
0,60,57,174830,19599,4629,9418,6707,7492,6106,3158
0,54,64,633158,100133,43241,9164,14318,6193,6215,2604
0,60,70,861350,142803,17101,30260,11030,16484,26072,17563
0,56,69,1519334,96620,22207,44241,28817,19980,21599,18023
0,66,61,47187,47238,11913,3971,18739,32907,45986,30156
0,84,63,271771,64468,17990,42984,15296,32590,63337,11097
0,80,66,638103,175794,42819,29699,12117,14770,37221,11714
0,78,66,687160,19446,8705,5806,4225,3847,1588,2114
0,67,80,148609,150797,145836,76824,148200,67148,36074,48912
0,64,80,1500582,1613854,248688,1276157,257535,523831,192807,175020
0,74,84,820359,35504,30861,6490,19110,9860,10082,11127
0,66,87,1400310,110855,37104,59994,16268,12652,17820,17958
0,61,80,1129680,173463,65836,15598,51986,29695,36104,6795
0,48,64,384226,98970,5507,7056,6149,5076,3390,1895
0,60,54,1242172,393945,98990,45035,41095,240162,47528,24416
0,56,37,1299982,110314,5222,7940,5319,6580,4497,1536
0,48,37,1206938,162095,22146,23649,9675,8255,5708,5094
0,57,53,1534056,183790,156936,27735,34258,49300,50106,43460
0,35,44,3387583,974355,83972,24299,59808,46543,58910,40598
0,47,66,1449832,42711,43059,33235,20152,16037,18171,8595
0,48,61,404824,40164,5125,2092,5470,2742,7764,1849
0,44,60,508496,67664,34582,7953,7004,9612,1258,3133
0,44,69,1090082,76189,9088,13685,4585,4581,2712,2941
0,29,47,1313260,564289,27479,29220,22445,18426,12203,10205
0,41,51,801952,146192,33684,16637,16999,31483,4939,13123
0,48,61,1673025,42814,13500,101915,13965,28384,10080,3325
0,54,64,1880451,481038,114615,98926,43196,60793,91693,27735
0,61,74,1167700,105831,15255,10436,5097,8046,18701,6417
0,48,74,1131651,119161,41999,5634,36991,7720,31655,16146
0,35,47,2551330,202291,11428,7170,14344,10332,21699,4032
0,40,53,500450,80100,70089,12842,4875,21292,15132,6628,*
26,40,53,897435,153375,9573,9307,9736,7278,2788,826
0,41,56,1416914,187353,27483,36697,12607,17164,7956,4969
0,56,57,1404468,436914,58768,168673,204241,140674,36119,26652
0,70,56,648753,67240,3306,4592,15781,16831,20485,4068
0,67,27,817494,307894,4959,9497,5361,29250,15096,7071
0,74,26,754263,131089,21146,16285,22626,19608,8910,9865
0,66,38,964414,40717,50218,33710,20302,13498,7663,6480
0,48,37,637826,64314,1856,3073,2435,2710,5422,1231
0,50,53,978079,108287,15115,15267,4333,14807,20052,10341
0,43,43,1898057,397477,17415,21443,37727,26127,8026,15792
0,48,30,484817,67427,4412,35276,21413,18564,5828,9740
0,38,47,1364210,1551151,468986,95399,123070,30946,101137,63375
0,29,53,308904,70425,23040,13056,10051,4740,9490,1481
0,26,60,732406,284596,31595,28899,37121,13398,6037,16928
0,21,43,1786449,824335,16473,39268,35953,98238,23422,26577
0,47,48,221076,67453,42604,38775,25306,30342,27381,8784
0,51,56,440945,14759,17251,2443,2654,2412,1803,1546
0,56,77,352091,20062,35081,8717,8491,4129,4640,1313
26,56,77,1634712,160354,5333,18982,9914,7500,3815,1850
0,61,84,882520,770330,43010,99997,78796,156869,56076,18886
0,48,77,100662,33177,7437,2608,4267,2090,3814,2187
0,54,57,1523555,141673,15899,16850,65589,21798,17892,15880
0,57,41,1409270,133953,20451,20569,14446,17171,5292,2744
0,48,48,959611,63512,16895,3708,11486,5502,1719,3420
0,53,47,235961,22751,4728,1381,2778,2735,1110,1047
0,50,57,754405,68875,22504,20970,7564,8759,9066,5929
0,40,53,964341,244114,10966,29599,3619,11527,15124,8690
0,41,44,1441111,141190,7749,9313,14409,11105,16709,6425
0,40,40,134329,49388,4040,2784,1269,4208,1557,944
0,40,34,270644,68621,12437,6662,2968,7124,6247,4281
0,41,35,1253795,59255,7655,6151,4416,3338,5114,5679,*
0,43,41,1271057,344585,73065,4803,28846,30256,18370,15548
0,48,53,406822,136140,64277,24443,27648,31087,10354,5012
0,47,48,287818,27921,2945,1513,2017,2261,1389,870
0,64,60,182726,23253,9123,23993,9332,16635,25389,16247
0,64,70,411002,69559,45602,5730,1080,7812,13327,2009
0,66,74,87781,19392,10726,8931,6418,7091,5938,7753
0,78,94,2098629,75884,116329,71794,23471,58852,39004,29164
0,81,83,1164199,59598,10034,15621,19869,40447,22748,18333
0,90,77,2333246,362297,116340,34130,23619,91592,27400,12130
0,97,64,1853950,237825,33960,21788,13276,102085,41768,38682
0,90,60,2254276,58834,36945,20531,10113,10808,12420,6395
0,66,56,359689,42381,5152,1607,3021,2098,751,882,*
0,60,56,471849,97378,27581,12450,9597,11309,8248,3120
0,41,70,161732,87246,76690,10464,19009,9559,1213,2886
0,30,64,385214,325153,126959,16216,17760,18235,12641,12882
0,38,75,132428,17764,6968,1678,1662,2132,635,707
0,43,70,735293,61453,4833,11722,8619,10457,8448,2516
0,57,60,66478,58676,14072,6352,10381,18525,9548,7516
0,83,57,410747,73896,17872,40719,50534,57670,22082,23074
0,87,57,308842,17185,3276,6499,2941,3337,1044,1461
0,100,63,1444669,21251,13153,9834,11342,25911,8622,12898
26,100,63,416086,23290,3881,5288,3139,1252,971,516
0,91,61,656067,69016,11486,2690,3575,9125,4764,8220
0,67,51,161887,100466,4661,7743,5307,4555,6196,2534
0,69,44,137402,62023,7153,9624,12470,10762,6195,5404
0,63,35,685767,51286,9419,2663,5437,20611,7548,3236
0,69,44,111686,106567,10265,62511,16016,34422,38227,13470
0,64,43,1300384,1030906,97089,24141,27179,27025,24326,24303
0,60,47,1137882,346955,64985,51889,42948,40585,44339,17329
0,43,57,684427,328269,110564,98183,21642,35023,24114,18602
0,44,60,218323,43923,25480,10580,6073,20417,8078,3760
0,53,66,2435714,89270,13788,8956,3363,6257,8337,5282
0,51,66,192089,139995,37988,5375,5528,11793,14348,8518
0,54,70,1221952,386772,357316,56695,13816,70203,27525,39332
0,53,67,2151146,229922,56148,77742,93802,84022,97535,34453
0,67,63,301060,97051,5941,12132,3514,29839,6162,4096
0,78,70,961566,78729,50529,46758,37338,24821,3877,5876
0,75,56,1414257,435553,48141,44945,28376,44474,33613,14905
0,78,63,59461,9264,9572,6697,6961,7597,11043,6456
0,66,66,149999,110194,8298,21222,23881,11343,11541,6239
0,70,53,3191038,139340,12241,26273,62200,40102,21320,19157
0,66,54,226100,56947,9060,6196,5500,3329,3836,793
0,60,51,1164360,178396,92303,61803,80360,45208,24943,7803
0,69,64,265826,14699,14490,9180,5515,9721,3049,865
0,63,66,301775,34616,3116,4581,5230,4996,2923,2209
0,90,66,150905,23385,5072,10907,12701,34162,19259,30644
0,80,56,578445,219611,15638,30059,13480,17623,20948,16591
0,83,40,899979,147928,19307,14825,18548,79511,54241,24918
0,87,50,951535,54253,24821,22124,22392,21143,17529,4529
0,83,51,245177,61002,25996,11674,12766,73005,73356,34225
0,87,43,391737,263367,11156,13448,35293,26472,43319,40566
0,83,40,140162,89127,8582,4045,18192,27662,25169,20700
0,84,47,252347,27507,57506,50205,36442,35289,39640,25577
0,70,44,591345,55851,4385,11620,3480,13304,29431,10195
0,70,51,453346,65390,8129,3740,3951,6819,3205,1473
0,75,67,84415,40331,17974,15037,4049,28199,48915,19029
0,67,61,1432971,85007,60846,18875,20386,22223,32660,37141
0,60,74,841288,84988,55845,20760,6678,11752,29590,12429
0,66,88,167606,8899,2469,6672,414,3048,3286,3109
0,61,91,1308707,17378,17855,6668,7163,9408,34971,5400
0,63,90,1049862,34121,14600,10813,5533,8676,16395,7589
0,63,81,1712388,264625,59149,49819,71972,27736,76178,17161
0,61,67,708451,142358,32078,11754,48419,26982,43566,43806
26,61,67,330165,32467,1951,3023,1098,2525,541,432
0,56,57,891116,414100,49184,81609,32921,80995,39000,50819
0,66,53,810203,69507,28952,16407,24484,51389,94494,18579
0,67,53,1975906,388945,68286,50435,23750,44107,90565,25553
0,61,48,597356,496559,3572,67336,22537,43371,138426,23297
0,61,51,34033,144921,16397,41868,22875,29985,52976,34876
0,43,44,747583,123279,22390,2545,7459,8193,11861,4924
0,53,61,61256,3500,8726,3734,1575,3542,2555,1441
0,67,74,103594,13197,8790,7340,9299,12531,8080,5905
0,70,81,227195,95748,30161,82621,29972,39736,72059,23094
0,91,93,126301,34677,27419,38452,18088,55375,67678,41455
0,83,57,178181,127281,1798,3235,5983,12281,14864,5495
0,83,57,435189,49450,13380,32348,13369,43125,32180,41726
0,90,50,262730,39913,10971,9811,18948,20549,10148,9666
0,69,40,169651,69784,11478,6639,5960,5131,3654,2010
0,70,51,2650074,753344,85415,21168,24828,87772,104450,28612
0,56,51,317657,120138,48826,11135,11023,14861,13746,12139
0,40,53,289449,321606,82211,36294,31407,28046,13901,8754
0,34,54,511131,285442,51971,32669,12328,10298,7683,3874
0,29,57,595138,48828,9109,3705,12038,4554,3953,2886
0,29,53,410071,33348,5153,3900,3096,3662,2793,1328
0,29,43,54733,86167,9518,1619,2570,6125,681,1383
0,38,43,3348733,721280,82284,200992,141082,77995,44426,56618
0,37,51,3507193,659940,225641,105353,58271,60204,50308,29707
0,38,66,324986,42481,63362,31311,30246,14008,13027,10187
0,48,74,443479,45945,7282,8185,9722,12975,5833,2325
0,50,74,786662,130485,29719,16370,22881,13699,17838,7031
0,50,70,2572705,614977,205602,104137,99830,53863,74114,67050
0,40,54,644002,564834,59600,62713,17460,22338,19729,9133
0,38,54,1643271,97482,23419,6993,8617,25953,9321,10328
0,34,61,1114699,169874,48929,56764,3966,13014,8033,9018
0,41,63,1278668,76666,38358,16773,8154,24135,14437,7958
26,41,63,260758,17290,9904,7672,1999,1903,2642,844
0,51,66,434397,188920,52712,16335,17032,23934,22383,9998
0,47,67,635045,93273,9963,15403,4461,14117,13696,6118
0,56,67,835808,237426,84817,88982,17404,55249,134080,34434
0,53,51,773270,180039,7288,11543,5908,23239,9664,8723
0,50,56,622613,122156,17668,51498,8138,12263,8479,4926
0,57,64,555622,12434,1671,8606,2257,5633,3865,1383
0,53,64,67132,17812,8982,2492,830,2172,2725,1847
0,43,74,1495907,116032,16618,10681,8735,5978,4327,5044,*
0,43,70,597171,43707,13772,9108,1838,4203,1293,958
0,37,64,986843,66649,18245,5145,4210,11593,10303,6298
0,30,54,564439,228791,12307,38588,12653,13218,8904,3404
0,51,51,1350040,168830,7648,40289,73397,62781,12854,43011
0,51,51,206390,21782,3170,9538,4021,2497,2145,1523
0,54,47,1178988,68949,5319,8294,12416,14544,5826,7877,*
0,64,54,478241,50890,21690,13602,5637,11956,7886,5131
0,44,53,940564,254137,23808,14403,19549,11008,15654,9833
0,50,56,892135,147467,36552,123698,57604,37424,31349,37352
0,50,74,1351512,86165,73044,127607,60982,52963,8662,4196
0,57,80,573079,20144,27685,19471,3620,20855,23361,11155
0,61,87,1156685,212489,59711,5673,8531,14577,13651,9774
0,53,69,498510,100448,7619,6342,12146,6123,7567,6874
0,51,56,553898,68295,19212,2608,12449,12474,10470,8579
0,48,40,56260,29738,6456,2017,5173,8427,3747,3294
0,61,30,2259505,255509,17936,20911,12057,61880,81049,12433
0,77,44,98441,25899,14132,3752,4605,9933,8188,3618
0,69,48,395449,642473,191291,32321,50295,57631,45375,30816
0,63,64,232302,26351,24436,23263,4907,8592,19265,4643
0,63,83,95169,19807,23966,4968,7585,11420,8025,4279
0,53,84,846959,83253,32042,26128,5924,10290,8453,2540
0,53,84,880606,120205,13578,28815,7360,10881,14360,6134
0,53,61,803743,181241,10959,11369,16755,21659,15762,10028
0,34,53,1494576,132290,38821,11132,12003,5246,2584,1959
0,30,47,2365376,545169,160473,61042,101735,46021,12956,14939,*
0,29,47,748744,124956,40582,6784,12829,10113,6796,5183
0,24,63,136302,39652,12790,11989,5470,4112,3294,1919
0,44,61,124477,18761,4459,3841,3843,6538,5947,5822
0,41,64,763207,542276,145279,109401,71228,33645,47619,32071
0,51,41,1344225,348286,4983,4110,68640,59146,57424,28053
0,63,35,2109040,239991,42672,23533,44875,65934,42835,16002
0,35,37,1761352,1948575,507490,34946,28625,23186,72238,35117
0,43,38,1213865,78535,13793,24824,10220,14032,12024,7660
0,23,48,690021,294120,7632,12776,13130,5486,30922,5971
0,17,50,1938999,641879,170932,53314,30685,117765,53263,13193
0,41,61,1617524,55506,66976,10080,11201,15771,9280,3866
0,44,53,279152,25749,1444,4089,3389,4693,1491,2494
0,56,53,1622568,532125,13448,31223,44669,35823,11222,11612,*
0,57,60,756269,40080,18123,17081,16414,13082,9740,15473
0,64,41,1214558,459459,43753,42528,46264,137598,41511,15658
0,53,38,203092,45793,1537,3392,3645,1981,1564,1503
0,53,44,87781,144193,14307,9854,6884,11205,12085,10506
0,43,38,840202,132692,19362,13467,13403,8793,9017,8250
0,41,44,707200,133315,21410,34008,22276,37467,47773,24120
0,50,61,1175782,500698,95507,278169,68016,84187,70703,30733
0,53,75,839803,26021,19332,9308,5858,5801,2381,3851
0,69,75,534719,24523,6463,2808,8789,9629,29285,9138
0,54,81,438491,73883,43318,12081,9131,5663,28373,7381
0,54,67,553046,98694,4627,10689,8675,9641,11115,7817
0,48,56,334805,156838,3593,29729,36508,10327,6631,10594
0,37,54,486272,209170,38206,9916,5740,17412,9567,3612
0,47,48,460370,46641,19425,5550,17898,9330,12850,4522
0,54,48,651798,192660,6513,24457,18526,51963,23955,19306
0,61,57,147158,40355,4506,29143,9128,9920,9022,3012
0,67,56,213546,125004,16147,7792,6225,20960,11905,2639
0,67,38,874012,400253,9947,10687,9896,56243,40579,14093
0,70,43,986785,79707,18363,6731,24346,32662,62126,13310
0,64,35,677032,461963,59241,84218,74621,37673,67220,71919
0,63,41,228863,21568,5880,2471,2785,3405,3230,1358
0,63,57,1645606,811663,156784,153357,18339,155457,39174,30450
0,51,67,1639646,294462,97392,81345,24642,39351,68752,14538
0,44,66,1292070,186970,35732,11160,6068,7170,8006,3141
0,48,60,995068,469778,8370,74851,10367,92970,30771,20132
0,35,60,335527,219093,58316,16119,24288,10912,28801,5420
0,40,51,1438217,121889,21214,18050,47098,22190,16433,8069
0,50,54,825846,132831,27544,28456,26825,15867,27744,23846
0,47,57,1004011,60826,5092,9254,8206,8948,9171,10533
0,60,53,127472,112000,4252,25013,32721,23275,9589,19981
26,60,53,1284772,62301,7123,7542,8304,6698,3225,2564
0,67,61,238657,42114,7572,30106,11730,23430,7048,3175
0,75,54,167089,45574,5494,3125,3932,10540,4535,3162
0,61,63,238043,142459,63656,33835,23575,7104,21638,5235
0,70,66,816401,120933,41097,24932,66733,84682,75782,38096
0,56,54,138295,19519,876,2059,602,1139,852,765
0,60,56,2119838,269800,37086,43916,17639,112147,23930,34738
0,75,53,298392,72223,8111,28205,5807,16050,14811,10205
0,63,63,452103,49092,42454,14373,10796,13115,9020,10553
0,78,70,396287,44605,14610,9634,11729,18877,20364,5527
0,64,81,549279,77952,33200,29716,3555,11185,17645,12254
0,70,80,2331133,151695,22235,58808,54784,68086,25196,22181,*
0,57,70,681192,58828,20339,4413,9453,2623,3622,1161
0,54,77,640793,113464,86376,1840,44006,34038,127777,31746
0,66,60,653446,45400,4028,3299,7698,12351,18381,6073
0,57,56,55858,62069,17355,2361,24079,9525,11648,4398
0,69,57,243839,75420,16443,20488,10444,13245,5536,3869
0,63,60,92737,15565,9766,3275,3403,2213,6501,996
0,61,69,1489046,131475,44656,23252,25073,41784,18934,5298
0,67,70,1317497,94004,22623,13491,10741,32355,14113,10292
0,67,67,1040020,104620,27864,2956,11770,16935,12878,7299
0,70,57,686277,58060,10208,6195,9900,8170,2294,1945
0,63,48,612829,204043,12482,16683,15206,23218,7508,19054
0,38,41,1948303,496194,53865,23481,24580,8977,5393,5277
0,41,38,948008,458445,53260,60273,135032,101061,35634,12824
0,43,38,352503,59861,8740,8653,8557,11176,9226,6147
0,54,44,588625,76251,23246,11691,30988,38420,19065,32359
0,69,41,772690,169467,11666,5171,11902,13314,13679,5381
0,70,44,443778,93482,17750,15846,18326,26833,4122,8665
0,67,37,1124234,112014,4443,5927,3325,12147,3195,2087
0,44,34,577016,124701,14614,9334,1167,4573,4765,1979
0,50,50,81034,6007,2427,2294,848,1229,683,772
0,48,53,406187,45652,18881,33869,49493,20416,10586,8120
0,38,57,160891,177293,15714,9111,4500,5762,5590,2202
0,51,63,727151,120590,14685,33854,11072,23537,20555,16133
0,54,56,184443,24243,6430,2868,2210,5460,2664,736
0,44,51,338713,38510,1439,8083,1833,3439,1609,1304
0,56,61,1813264,265184,89381,73209,29074,39490,7952,7038
0,44,60,1063200,227914,20408,35020,20312,11488,8755,4646
0,35,57,128696,38112,6536,4106,3121,2237,3105,1890
0,26,61,1224512,194763,54999,15741,15510,9089,13939,8732
0,14,53,1939666,367732,34118,44398,62324,12701,23620,6772
0,27,57,1350665,18772,3141,9910,7204,4755,6809,3915
0,27,63,1006672,72968,29575,8085,5154,5318,3729,2259
0,21,56,1914590,1903625,239269,80703,22106,36380,59521,57389
0,26,64,836475,296874,75565,78055,44085,22898,45741,27261,*
0,20,66,414272,61910,10224,25114,6458,6342,7978,5083
0,16,53,2273220,731982,44345,51886,35604,30036,20565,12157
0,51,64,194764,22266,22611,31903,22497,46986,34268,10187
0,64,63,71857,45963,2870,17940,6261,16674,7955,13459
0,77,61,157246,23767,4441,10881,4011,9206,7270,2987
0,100,75,106484,4602,5028,4453,2892,8548,8767,5460
0,91,70,232796,67447,26443,8302,20258,17913,12713,7170
0,97,70,1394184,24233,6921,9043,12619,19891,14405,8497
0,87,60,950753,139250,13613,4152,12808,10511,10411,4101
0,61,63,974178,266532,227268,30154,65136,24372,27181,20983
0,51,47,1134033,375049,20818,7694,31749,21015,23803,23033
0,35,54,471681,26475,24453,5110,13481,5214,15237,3395
0,40,60,922174,324440,60469,24961,64239,42941,37329,19365
0,47,48,1175676,84540,15348,5799,10694,10747,9067,3754
0,48,70,717306,42070,38578,13999,13106,6035,6185,5438,*
0,56,74,156463,22355,33373,5507,11119,12680,4116,7505
26,56,74,414840,19619,2998,3237,1549,529,518,178
0,61,78,245902,63195,25841,4121,12222,16912,2953,2980
0,60,81,317046,93854,29524,4722,7952,10085,8361,1423
0,53,48,1225044,811275,8415,12874,31855,27785,26765,17672
0,57,37,713636,99999,25200,8085,7904,49773,21864,9124
0,53,29,847812,239858,20426,30675,43719,33733,34861,23775
0,54,24,341029,260309,35672,18685,13203,25718,38116,12578
0,60,56,701403,405857,218006,116890,23751,48641,40654,22245
0,54,66,1268000,252104,136384,117475,22708,96719,54043,22761
0,63,70,180485,18001,6785,4030,6622,10376,13808,19430
0,67,77,786454,147801,52052,2953,21126,25089,20847,4145
0,70,74,159305,107955,58606,5464,6597,18007,5198,7971,*
0,63,67,526046,319721,137377,19115,45129,30661,14352,16251
0,51,66,178363,19867,2484,3202,867,2769,1740,1255
0,53,64,296557,53000,8619,11265,5662,11508,12337,7265
0,57,57,173688,124594,16613,17937,19993,26801,14331,4408
0,64,54,692972,47753,8323,11929,7195,9025,2993,2636
0,69,64,597557,15667,10884,3186,1322,5431,4723,2139
0,67,53,166127,67236,4332,2521,7898,10340,15768,6594
0,53,51,1841736,427986,38512,39059,7339,17326,5198,5272
0,48,57,1278444,46127,9260,31783,13686,5801,5131,1159
0,34,50,486870,271253,65079,3280,6331,13162,15291,5871
0,34,54,369480,112461,2718,15959,14271,20641,13731,10033
0,41,51,427002,146958,10430,10150,2832,14276,8884,8512
0,41,48,576944,187613,47184,35741,7327,16982,13756,5273
0,50,48,1629485,507923,107755,61790,41938,63969,68454,27084
26,50,48,1575494,62887,12689,11099,2076,6263,1565,1422
0,44,54,653071,84813,18914,9754,3456,9786,12392,7053
0,53,77,596648,32422,55498,12472,9596,18575,17593,6220
0,67,83,890717,26574,33660,3633,1028,18554,16015,2416
0,67,80,175427,29987,5806,1785,2799,3662,4997,1359
0,60,69,382429,875099,29886,56362,47883,35259,29854,27314
0,54,54,2108440,221135,44363,32195,13640,35679,43194,17594
0,40,40,163667,237334,38601,9507,12327,17255,9463,5662
0,37,44,577276,264487,62159,49262,20541,23409,9603,2796
0,38,38,1301065,892931,19560,21924,15050,47178,39905,20798
0,34,48,1375804,227747,156401,57369,62074,26394,69180,40333
0,44,50,2010186,140767,15769,30748,19471,45501,31063,27856
0,53,47,857112,106099,25928,10602,24151,22174,8958,3527
0,60,61,1337379,146139,11788,28685,12853,16688,8190,4201
0,67,51,1928333,53822,7450,9020,2521,10428,11225,8182
0,51,63,331141,56005,16284,40262,12275,5050,11343,10816
0,50,67,208137,32674,10185,7498,8049,5936,18300,4377
0,53,74,142076,22013,8351,3041,3422,4617,1899,1841
26,53,74,316727,12202,11668,9206,1631,2791,1285,444
0,50,83,250497,190077,95459,110225,42636,42948,21341,4082
0,57,66,1266768,882256,61757,101861,86394,106700,93162,22350
0,48,56,839761,976469,135840,10404,56791,47471,42276,21164
0,38,47,683986,189741,980,27361,8736,9882,9241,7331
0,47,38,1354681,50816,4987,16394,11730,16760,14291,3026
0,43,40,1680084,126947,19485,6200,9059,12647,6713,6851
0,53,53,1068167,243019,113091,46742,35927,45736,35769,43806
0,51,44,291246,111548,4930,2697,1127,4065,1885,2085
0,43,51,2056158,66408,25920,21378,6761,12217,30244,10184
0,48,54,509421,171070,34000,12187,9119,31611,14286,3123
0,48,41,152168,95470,12129,4100,15198,13279,12590,7023
0,56,57,2572255,496086,160598,45938,23806,58991,91095,46302
0,57,47,2304873,769405,21192,121841,94151,106408,134828,38969
0,53,60,162829,7804,8285,10926,6136,2600,3510,872
0,56,64,799168,88766,7816,16091,16235,17034,3964,5812
0,54,44,366313,223784,6645,5521,11064,17420,5915,10407
0,48,54,1436350,305912,86695,36802,22637,24352,19455,17335
0,50,35,1371093,142696,11634,11540,17826,18585,9900,5095
0,40,37,279642,169142,20486,24970,14389,12886,19940,2970
0,47,48,117500,17708,890,2297,2278,3220,2788,1541
0,37,29,184257,249934,8377,6720,4220,5432,2102,1063
0,27,38,98882,48789,6054,13680,7159,3057,5522,1204
0,34,27,457657,24761,505,2032,1518,2931,2857,717
0,35,34,1011844,78820,10400,16639,12905,16458,5607,11267
0,50,44,1638594,79652,12608,12462,20500,11259,25651,8335
0,61,38,503398,42531,3595,4820,15263,6232,3365,5406
0,61,44,1010554,412290,16368,74857,41681,53431,133272,28531
0,54,44,1510430,184394,23194,27681,3954,21573,8152,3891
0,53,53,1164925,296458,188617,26601,56619,46987,38534,27952
0,56,63,777403,87554,28314,21139,6092,25579,41847,28127
0,53,60,289290,150867,10415,11076,26179,13179,22759,4635
0,50,57,874148,1124740,173425,64365,29012,74263,29129,15925
0,48,44,1792814,193162,20111,16560,31723,19538,15446,11206
0,44,50,1073466,83539,79980,23613,42948,23144,8665,28374
0,43,61,790429,136960,51788,16795,16135,11829,9702,17098
0,40,64,875353,406278,36583,94693,64402,23680,48584,20708
26,40,64,1088029,136859,13226,9743,5844,5082,5003,1416
0,44,69,1006581,102621,16278,20314,11421,21805,11114,9289
0,40,63,1954172,500266,144424,55350,24706,52007,42878,61665
0,50,63,2131265,51542,10929,20934,9031,14204,12912,10819
0,60,66,381561,21331,10508,2549,6645,4096,6266,4253
0,61,67,39051,10091,2875,2204,3063,2524,2077,2533
0,60,53,511542,156650,1660,11050,5518,10350,26160,5865
0,51,47,517966,322098,26780,63588,120851,26874,22028,17056,*
0,53,37,1790462,97108,11576,6067,12114,16212,10232,11068
0,54,41,137389,39254,16581,11531,6634,14744,4545,3730
0,60,53,374063,498888,84763,84036,72038,74203,63439,44077
0,74,57,505455,239437,15198,109578,75014,92009,21741,14108
0,67,63,60207,127521,17020,19438,9548,14323,12389,9547
0,64,56,799820,120246,22083,16240,18209,23490,10227,8323
0,56,51,1946844,211432,16346,23502,15999,12701,8221,4896,*
0,48,41,138509,65056,5557,2051,3091,6892,5648,1995
0,43,40,1087696,315534,36759,44598,56252,21196,20444,12477
0,34,43,1600720,483738,183874,14356,28048,34124,36192,29835
0,41,48,1099245,302015,45586,53917,19117,42428,52610,16414
0,34,61,2847230,146133,56387,22491,28401,9683,14985,4042
0,47,57,780186,54434,3921,8391,16497,14535,12158,6188
0,53,51,193760,106330,19562,1880,5093,13972,13279,4559
0,51,60,2010591,277278,164190,45668,16655,41238,56954,24764
0,56,51,1877546,511310,67503,46518,48240,43165,111362,25681
0,41,57,537095,408932,64986,78028,11840,26373,81613,38420
0,41,64,579135,90786,16414,17089,7597,15135,19763,9355
0,47,57,1203276,106416,37025,8766,9118,24034,19237,12224
0,69,63,162478,39209,31849,7813,24431,63141,27463,18212
0,77,54,2469591,114676,6496,12014,19381,11841,16721,16664
0,64,43,1085408,90076,3798,3507,3739,3238,3986,1743
0,47,38,1443478,1745374,324930,30498,14557,47187,53214,16464
0,23,35,1123082,582839,93002,34526,19424,52700,42139,15857
0,13,47,580031,76783,27264,21446,12556,3160,3337,2348
0,11,50,578745,302371,12646,20526,19785,10667,12606,21453
0,30,63,63377,3126,3627,680,612,1356,532,541
0,40,75,723961,43608,15629,33738,12839,18058,7501,3765
0,53,70,2924093,318899,58182,94371,53146,42128,26093,22546
0,60,80,668828,112792,19485,13416,6841,9901,13038,9976
0,51,57,128833,119979,10802,2497,13402,9709,8459,5567
0,63,43,312165,24690,1439,4952,4264,22109,24855,4142
0,77,44,565709,30884,8919,17869,2775,24275,22470,8996
0,77,41,792310,310646,39196,25182,12596,25539,14167,19122
0,75,64,2213662,401238,149328,465627,98411,58233,116148,49616
0,56,87,1334732,79930,86094,45261,6741,20501,17412,11525
0,40,94,1027447,74611,59626,41297,17940,10632,11188,13195
0,48,97,122736,64018,30353,17234,62345,15558,13872,5369,*
0,41,83,1009536,105462,21284,5032,9018,3849,11474,3664
0,40,77,559310,67104,19801,25325,7899,10162,6400,10262
0,37,74,2035368,205544,55023,94174,7388,13915,12455,12259
0,24,74,348224,135887,47127,13747,26684,9070,7262,5702
0,24,66,745322,1349575,73982,76679,90469,41488,41904,14230
0,21,53,2061011,198786,20588,9076,7371,13433,6253,10872
0,27,50,49841,10100,3084,3010,1378,1471,1431,667,*
0,24,37,1578362,222275,17521,4071,16555,6962,14991,8583
0,29,41,725632,195149,29082,12301,17816,11880,8759,6857
0,24,50,1170995,187907,41134,47593,50453,10672,17057,4735
0,23,47,405320,214499,36557,47456,25036,23076,21833,12221
0,29,57,788442,421319,75107,66387,36122,33697,31997,20673
26,29,57,341920,23170,9746,4340,1587,1308,458,250
0,44,69,337952,10187,11467,1396,3788,5371,3997,3242
0,69,70,570039,72796,11111,60893,21787,73805,20778,9180
0,83,74,87720,13191,3233,4878,4501,7355,10828,3256
0,100,74,57564,22615,7840,17840,16142,47876,70061,13680
0,100,64,47249,66819,21288,4930,13011,12570,8256,4265
0,90,56,1075669,373476,52028,45402,56741,66735,47033,16888
0,87,54,155372,26395,9942,2493,3788,13130,5670,5531
0,74,50,492124,148810,15064,17265,26530,43980,56570,22179
0,83,47,40531,83361,12840,15783,11596,42460,30498,21828
0,81,51,300537,28040,4489,6127,1992,5285,1190,1688
0,70,47,1156240,162950,20926,15835,15872,21347,14028,15474
0,47,54,649198,321859,66040,51231,6507,5572,14371,7472
0,35,56,257402,51971,4602,11477,2970,7305,16154,4593
0,30,61,1353126,117262,58385,53033,77877,22800,43444,21513
0,26,74,37001,17265,6630,8493,1895,1927,3368,929
0,40,70,67160,41114,7796,4569,1411,2770,2028,1109
0,29,69,881176,192236,15078,24704,11082,7905,6243,4565
0,23,51,133784,61594,3594,2153,1549,3820,4945,2137
0,24,43,1011659,141945,31188,16989,23536,14075,13881,8801,*
0,30,43,493084,154018,41889,8138,20335,20521,9205,12076
0,38,50,128028,24326,8223,3617,2583,2437,1425,1207
0,47,67,2153837,95245,41636,26563,11477,21933,14041,22826
0,50,70,1080500,19488,8590,3999,6020,3304,2657,4569
0,50,78,78514,38503,19698,6632,5890,7264,10794,19260
0,63,83,298611,13179,15753,2622,2793,8740,10378,15531
0,48,64,109211,181765,5749,8060,8809,4901,15242,17486
0,43,66,72186,29022,13753,7158,5637,2843,4915,2616
0,38,51,1780723,662274,23106,49295,72508,51252,78234,55417
0,30,26,1826117,135871,4687,3229,10759,18307,20919,10786
0,41,23,937319,479378,13006,16442,34820,46564,49627,14144
0,51,7,103164,18048,1049,637,1277,3146,4477,597
0,56,20,1752683,194012,82373,25647,8962,38189,45356,37605
0,60,40,126672,29148,14812,2533,6404,8104,7152,7179
0,78,66,1180418,12904,15036,77659,33119,67260,28810,35620
0,87,90,1080482,8099,41218,9805,18165,25857,11361,6817
0,97,81,1147728,92859,37656,12916,77963,64400,39738,26622
0,81,81,2094664,95077,26231,14448,4704,3554,7351,1790
0,57,81,418116,358352,285099,105625,49576,37389,59281,28709
0,37,78,1550458,131220,60486,46109,16359,8671,13096,11052
26,37,78,1330419,83791,8203,13525,13086,4674,2273,2510
0,10,80,1555810,304186,69607,16978,14402,7888,22554,8250
0,29,84,767926,7418,4884,2978,2273,3506,4091,3651
0,40,74,192660,16628,2580,3331,5951,4533,3510,3997
0,67,70,99363,6013,10339,12665,4929,24341,16758,5078
0,81,77,117052,153768,43530,36717,5165,27542,22786,14212
0,81,63,619342,59429,7944,6198,20498,14868,6728,13754,*
0,77,56,962344,551497,61606,20121,63074,68198,43649,40892
0,60,53,279534,43988,6128,19317,7414,8945,4165,1971
0,56,53,782518,162683,54228,35074,13490,16847,10230,8388
0,50,43,401521,95434,4369,1234,8133,10979,4771,4210
0,48,44,312236,116527,4235,15517,8136,12431,3823,7939
0,40,43,341580,71700,28858,5224,14051,5701,7157,2663
0,43,35,1218025,370514,43575,27280,42765,42224,25661,12026
0,41,57,480846,28395,19982,9251,12383,4664,8028,848
0,48,61,209310,11589,899,2094,778,2839,522,1164
0,44,50,742265,214511,15536,9894,10439,10078,1383,1421
0,34,51,77879,37179,5066,2904,1693,1024,1654,1085
0,38,56,156049,16392,27111,7146,7149,7312,5901,4823
0,37,69,208912,4564,1498,10599,6425,2697,2534,491
0,43,75,490612,88279,16947,3548,19726,8712,4290,2215
0,54,81,560553,24719,9948,4581,4681,3820,3274,2052
0,53,64,976717,179790,38310,18369,54039,28828,6030,4025
0,34,51,2203234,546619,39426,71980,54533,10804,4385,3076
0,26,54,1717272,205156,37288,25707,20320,10957,11724,11297
0,16,47,277227,367474,40287,28639,12997,13427,17664,6493
0,10,35,886316,211042,8260,4603,11501,15042,4948,6885
0,35,43,1304311,189551,88987,46613,35486,77348,31331,28214
26,35,43,358394,8760,6724,4335,1680,1528,402,338
0,38,51,1608811,113823,64118,33299,22316,11658,11174,6370
0,44,54,698418,484495,113456,41166,36782,33179,14676,20245
0,44,69,730156,511057,74282,112312,122773,50641,37565,31707
0,29,64,1824705,1110795,146212,154808,21204,63032,23213,31807
0,40,64,1135821,228629,168624,34887,51318,77370,38355,18495
0,40,57,162549,87324,6392,8670,8318,5489,8197,4104
0,44,63,715063,320238,168967,58245,63716,76545,18613,31882,*
0,51,64,552803,29501,12000,1823,15128,4237,6130,9518
0,35,50,349508,550943,56855,13367,28847,16295,4546,12011
0,37,63,901212,108419,58651,21082,8553,10914,5998,5051
0,27,61,860285,111265,16893,32267,9488,9763,6493,3976
0,23,70,216419,23706,23872,3361,3513,2620,2353,3076
0,37,78,1520965,250551,10295,61370,44502,38940,11209,22527
0,51,77,122332,8085,4200,4086,2582,5185,839,967
0,54,78,2092693,68470,30911,11230,13012,10209,7202,5982
0,66,69,1463001,91601,5618,36643,2902,24667,4056,1456
0,61,63,380951,319340,29401,15129,31443,29402,6148,6070
0,48,57,781708,327128,91580,23696,31180,30704,22525,11697
0,56,53,908339,266595,57733,48243,74277,81362,38322,26976
0,54,47,375672,51725,3148,8974,7202,10610,2313,3522
0,51,51,81977,140430,14838,20958,4946,8761,3498,2957
0,50,50,827317,366339,66038,37550,9234,25242,12500,11672
0,38,44,223989,149621,14626,8277,6971,8345,6490,12339
0,17,47,1272018,731744,130771,49579,57518,18392,27001,22279
0,24,50,967712,109170,15323,33394,8916,17275,9128,3550
0,21,47,761833,139907,19740,5427,4542,5717,3280,3076
0,20,60,127285,68652,29299,16382,6852,4876,2755,3335
0,24,64,562767,121519,47442,7909,8592,6128,7329,2643
0,10,50,47309,87138,4759,1243,4872,2217,2287,1817
0,10,57,940501,335565,79113,45542,20545,14504,13724,16890
0,11,60,62816,35881,21130,16085,5581,3758,3095,8662
0,11,56,2571794,446459,94497,49007,50372,24356,57738,28437
0,23,81,75405,20011,17020,4238,1182,3523,3506,3570
0,30,96,139682,29761,45546,41711,5410,9243,7295,3778
0,26,84,585475,718745,122556,53849,34920,24640,46327,15535
0,35,87,433306,214865,66587,26541,47817,29523,29877,19880
0,29,64,1855110,1096100,37976,46890,24013,55968,47843,30250
0,30,40,1819420,289931,45162,5240,21552,36336,83897,16997
0,43,47,866061,63323,15315,16578,5138,9444,8691,3053
0,43,54,76004,38879,36034,14509,8108,8888,5571,2257
0,44,67,1393901,105069,18570,13094,9425,7955,12212,5402
0,41,75,167430,103723,26822,15329,6358,9168,2196,1489
0,41,63,704159,107500,10365,4356,8447,13830,10569,4674
0,35,54,152622,65558,13915,12329,3652,4341,5130,3246
0,20,47,286185,244432,10710,17915,7606,3018,10295,7411
0,20,38,362315,117591,6931,15827,7313,8814,11920,9301
0,17,50,839844,81943,27464,11163,8289,11112,10452,4738
0,27,53,426544,124528,7716,70169,16045,35827,42243,24035
0,47,48,175012,131032,6463,3322,5339,9340,5963,5015
0,44,47,1061305,97914,2313,14785,38776,7109,6840,9647
0,24,29,282917,229593,9051,6388,16278,2351,15669,7841
0,11,29,3030121,170394,36327,59905,10752,10336,7450,2804
0,16,51,1014391,44490,21858,14426,3085,9206,7545,4044
0,17,66,1591936,295294,179369,31745,24013,35739,15622,30699
0,34,74,269824,128567,8558,11820,6638,9141,13244,4657
0,41,64,1020247,211020,52122,12541,37464,24923,11840,12636
0,43,60,792279,18180,4391,5854,7297,3931,4022,1127
0,44,67,34711,9199,17674,7662,3376,2825,2468,1156
0,50,77,56365,16040,3543,4107,3717,2219,2354,2739
0,47,80,1295212,462608,57638,94475,11328,38258,18404,26773
0,37,63,677557,201896,5673,7370,13836,10153,6800,4636
0,30,43,2134541,422203,59092,25202,24756,24328,11517,13342
0,29,40,1703631,173628,11295,38108,10088,16860,10287,13846
0,38,40,425718,70609,12122,17654,15545,15807,4084,5853
0,51,53,2306254,171929,70039,11325,55286,53720,42126,17564
0,61,63,1488371,154547,70501,51506,39411,39380,32540,6802
0,54,61,959128,1474132,146585,204876,30699,73583,27487,12919
0,43,63,62866,34971,5884,7058,1877,2032,1456,1474
0,38,64,330181,222780,42484,68516,38038,36738,41032,48112
0,30,57,467346,92412,9863,11690,4273,7372,5014,3509
0,48,57,193891,35612,10588,6857,18777,12782,6581,5859
0,50,67,835265,91728,39364,86666,36999,11979,11237,9366
0,44,74,1046226,121605,70366,12315,26880,13287,9415,3988
0,44,69,398234,113016,11758,8971,5587,9933,22751,6238
0,35,77,788161,20172,5984,7841,4649,3287,3708,1348
0,41,64,49333,56662,15072,3475,4299,8321,11035,10871
0,38,63,404740,109501,43097,11671,5408,6397,15133,11301
0,41,77,826515,37076,13219,13707,3793,6857,13810,4810
0,30,77,571642,47340,20244,7267,4134,2541,2727,1917
0,43,77,1371920,196503,71218,21053,34705,112988,24798,14811
0,40,67,2161863,440974,34889,66667,10943,16001,19018,7319
0,41,61,1313183,171880,17819,43089,19745,29815,18762,9734
0,50,60,583154,152138,64825,37035,45832,19038,11690,10382
0,34,60,273049,125465,32393,7322,10771,9648,5796,4830,*
0,38,51,1064099,849485,41725,44196,30909,56386,28971,7799
0,29,48,188688,26214,2314,2831,1776,1493,375,275
0,26,43,532534,429339,82373,48880,46161,29616,14068,18769
0,24,48,626100,32120,17182,2508,6442,2414,1497,1973
0,37,66,232769,12780,8750,2653,2466,4687,1478,1430
0,41,70,314116,97759,25337,12395,7049,10580,8097,6660
0,34,67,1078683,453768,64040,24555,22093,13208,20093,8541
0,34,75,542196,48662,54187,2443,7359,4873,4470,4961
0,29,66,36123,169104,24926,31059,31975,26898,6998,3950
26,29,66,258164,18628,10678,4005,2027,2134,952,1676
0,44,66,70116,10219,4688,3676,8262,8838,3315,2811
0,63,74,635787,60301,24948,5271,5587,15339,3517,8215
0,64,69,2341061,370612,130468,157752,74196,41082,28029,41210
0,60,70,480158,216251,40798,36728,20278,16694,18748,6702
0,50,75,1023880,122505,56981,34744,25253,39927,21925,12240
0,43,75,515472,177578,25945,41764,7962,18101,11489,16142
0,44,70,723363,72709,25796,20002,18030,8006,3871,4412
0,43,61,1857277,616903,43163,44923,176939,36627,25025,40274
0,34,57,2053566,259675,60541,43683,11207,18675,14653,5619
0,29,53,3900038,685023,108310,22407,37878,42076,41759,12507
0,26,50,784086,280345,94597,19164,34202,17854,29887,36955
0,34,57,1426154,355177,25390,121727,48070,62810,39707,29403
0,48,54,518367,109007,6685,39028,47208,42950,55809,41629
0,53,57,1551716,497223,46972,95572,7092,57141,45791,15036
0,53,54,1036933,605810,80645,75073,62342,35857,54327,66392
0,57,57,1446183,141073,59072,34066,27824,53248,37145,35419
0,47,53,577563,115656,1911,19976,20645,11011,18082,17187
0,57,54,176969,27891,8784,5132,5691,13063,6575,3866
0,56,56,59596,88963,20012,6345,2461,5464,9851,2705
0,51,64,415047,23466,31360,7806,1343,7947,12737,16568
0,40,67,780302,316433,60026,19010,10360,7314,8665,5981
0,30,74,1241262,258586,161631,44282,45393,59866,58650,18740
0,38,77,1466567,130960,37370,21241,3234,19050,12207,7251
0,30,57,1574167,951095,95743,90381,111122,61477,48460,37429
0,37,57,139614,208604,45172,18558,30598,9352,20772,8073
0,35,57,232678,6293,1769,2921,941,1102,1288,573
0,40,69,122736,79728,90578,78107,18195,44690,103750,15579
0,43,78,1055243,136059,53653,27309,9161,19585,13481,3520
0,50,84,246169,92614,34278,20046,12051,9255,14143,12528
0,44,84,1784222,141739,43092,51193,23074,14205,14107,18414
0,41,80,703615,79030,57009,21129,28850,19373,7964,6893
0,38,87,561005,65707,44612,61289,22209,9389,10796,6578
0,37,87,975707,25764,10649,4605,3538,2780,2734,1599
0,48,87,352698,18896,11942,3964,1168,7569,8827,5137
0,48,88,128030,42608,26019,17670,10662,9368,13129,6963
0,54,83,943577,74928,31139,36922,24656,15799,17204,8642
0,57,83,91261,23524,4291,10615,4095,3626,3567,1815
0,51,83,2010520,117356,5704,90611,10362,23976,12678,20329
0,53,78,310697,284970,103681,44641,28826,56324,24053,18458
0,44,77,645398,464987,28711,221792,50926,31187,47167,45468
0,37,54,1320736,1657076,21387,59703,100385,61771,19867,18737
0,34,34,476184,131589,5702,3930,4206,9678,10172,8085
0,40,35,1466346,68565,26135,15112,7354,27568,3717,2963
0,48,37,295482,355090,205270,107822,55433,85277,40406,63345
0,51,54,1341723,1056720,192898,156910,104112,88365,47266,46020
0,57,75,1134638,91979,62851,15486,29740,24372,8238,22864
0,53,69,128184,26034,2387,6989,5563,4639,2783,1845
0,54,69,1400652,57251,34612,23030,32032,17493,9407,8925
0,56,77,651290,63900,25825,17047,6257,7708,12614,9389
0,60,78,172707,38903,21273,23211,7969,17132,8875,3490
0,56,66,65236,106288,3347,7962,14745,12215,16299,6063
0,47,64,1166775,80868,37973,6051,9576,5997,2207,1402
0,56,67,104525,4062,3528,7148,5141,3570,1762,626,*
0,54,61,67108,8675,1985,1367,324,2242,1722,721
0,56,74,1028460,125469,34893,11582,22341,19102,25969,19194
0,74,66,90121,22953,5544,1957,4261,8558,2763,2036
0,74,63,78570,38540,27447,20081,12743,19546,17072,4024
0,66,47,311237,106433,3373,3821,7008,9583,4943,1461
0,56,38,1172580,383003,28980,17660,18935,14396,37023,13076
0,50,48,1148106,25652,11872,12054,4769,6735,10687,5598
0,44,38,157692,6978,1316,733,1863,1324,4056,680
0,51,38,55427,116571,3268,5581,9972,24700,28688,8739
0,66,61,107554,22438,28953,24556,7771,14198,15736,4634
0,77,48,215889,16281,2116,3509,9249,8863,22354,12637
0,70,54,147769,85378,10441,36014,6634,12790,12811,16480
0,70,66,960670,257912,51201,12292,17196,54996,10709,6333
0,83,60,100918,10364,5606,29187,15886,29655,17613,5568
0,60,60,281125,164704,14297,11458,5540,6382,7492,3918
0,63,53,349876,59244,5760,11661,6863,8680,24715,6798
0,56,56,1421164,332103,68055,31016,17067,34841,32163,25237
0,40,54,1640749,83386,44982,20347,14887,16662,9919,4585
0,34,56,1803517,597094,89205,14780,15558,10767,7815,4292
0,34,57,813792,60271,10744,11960,11158,9982,10827,10546
0,35,57,2282585,308501,34400,71793,73539,40810,35872,39420
0,30,40,263467,77919,2068,6925,20793,5829,4914,3749
0,40,38,1279110,168284,7842,15479,2637,7904,11027,2968
0,30,29,180273,92066,9290,3554,7644,3962,8650,5371
0,34,35,2331099,146540,52008,33970,29375,30878,56032,23798
0,43,43,246653,117472,10628,23645,19037,29545,18373,17143
0,61,60,567911,56714,88996,36787,55803,64078,22904,22469
0,77,70,190548,166162,71991,27104,27380,58202,27004,9528
0,77,77,548995,106930,59809,62414,14863,28849,40694,12725
0,75,83,402869,82516,38228,13475,18079,25496,46118,20974
0,67,83,1176937,50309,69518,50022,52482,29918,57563,23620
0,74,78,169942,5477,698,1303,692,2355,1355,885
0,78,83,375584,14123,41321,12998,11113,17550,25446,7548
0,87,84,1442800,10943,9766,5656,12045,10852,21187,27139
0,80,78,980194,318675,126682,31286,55307,44783,24045,30996,*
0,56,75,554857,374499,48279,13349,6573,10957,4429,7268
0,60,70,1077825,14705,22310,10585,10235,15968,9986,4278
0,41,80,513294,159942,127423,78210,12348,17697,32182,13460
0,44,81,51380,25809,14914,2312,10335,5957,10985,3407
0,57,87,337688,426448,48490,125156,35173,69684,53778,12375
0,50,78,152047,13815,5561,1750,3481,2930,1701,1099
0,51,67,790243,465805,125280,100121,17585,36249,9033,17403
0,43,61,1685317,562789,15025,116013,37407,35016,54372,25894
0,27,63,681832,42894,9827,8216,4788,1403,3553,3261
0,29,64,239345,17273,5898,5679,2067,5581,2475,1634
0,37,53,1615833,720775,84019,35797,103076,89219,47036,35228
0,41,70,142454,4375,5569,7624,1812,1769,2322,1630
0,54,70,1379680,334113,121678,53370,41846,50838,39469,46267
0,30,66,1138803,319404,51417,40759,13071,5431,6895,4278
0,34,83,320568,16138,6923,14276,4285,4170,2590,2239
0,43,74,2993279,90383,28079,72334,54955,59637,27814,11844,*
0,38,81,1242428,106546,84313,73973,51414,16758,30838,7266
0,54,70,2204551,485254,26577,33942,57153,48167,76150,56231
0,54,63,848122,54116,18451,8351,9553,8270,5702,6688
0,47,50,316986,33912,3913,1993,10685,4805,5350,3508
0,50,41,452638,50149,21410,4594,5871,6494,7303,2900
0,57,56,1370363,99269,54565,12369,20777,35783,19456,21106
0,51,47,339885,259478,15266,27588,33596,17619,74305,20758
0,51,67,45387,7112,11047,3204,3152,2694,2385,3218
0,57,66,703197,79999,15896,33297,46534,23451,21360,20377
0,51,66,1612190,73387,40305,15755,26674,13110,8411,11741
0,50,66,990528,472512,31807,49058,54022,27823,28914,17587
0,51,51,1147240,181839,24861,24452,28448,31012,6173,11774,*
0,41,44,85910,26713,6779,652,13348,1943,2776,3598
0,27,37,868659,127523,13948,15694,5917,3809,1303,1781
0,44,44,365694,209199,11733,82157,20781,93960,23730,15011
0,38,51,1964796,48945,16978,15560,11680,5323,3592,5802
0,37,54,1957925,1451957,216186,149909,111536,82635,45526,37152
0,50,70,2739509,176808,182452,184292,89356,56789,78094,34797
0,40,60,707410,60454,3959,3265,7715,6931,7919,2400
0,37,54,270561,52262,10177,5460,4060,3571,6665,6372
0,41,57,731958,63592,15514,10487,12955,6873,8501,5188
0,40,34,180010,52398,4134,2182,6779,5245,4915,3732
0,48,24,645742,50043,1624,1294,16225,11394,8421,3039
0,47,17,764442,51118,3434,6221,8825,2656,2155,1318
0,50,13,1294828,306652,33234,23536,7452,37825,17086,30387
0,40,17,410368,91302,10076,5453,11279,3697,5514,8655
0,43,38,480431,68227,37536,13992,48434,33661,80788,47739
0,54,50,395078,48795,19083,13725,7395,12488,16115,4982
0,43,51,111573,244723,30071,15072,7699,7938,9443,4127
0,47,60,273700,401522,125411,41168,15726,27467,15518,13773
0,44,54,166130,122631,28799,5332,3279,38416,6257,15134
0,37,47,785695,495166,56706,58395,33875,44814,11351,11083
0,54,51,734239,196662,33744,55462,28589,63724,17759,10526
0,67,48,125764,65201,8509,12079,1952,15770,7382,2737
0,63,48,1856764,134921,18062,20998,34291,26686,18301,13548
0,69,54,627275,141838,50563,26077,10650,28054,33056,22034
0,70,51,239301,65077,5100,17491,8686,27968,5748,7311
0,66,51,353549,51157,10285,4865,3398,7659,4246,4743
0,69,50,716508,78521,11505,10105,7897,22749,7138,4353,*
0,53,47,817818,152764,34616,11867,8390,3828,7836,6298
0,37,34,1623983,481647,15717,18965,15424,27988,16707,11336
0,47,40,110315,35748,5466,32440,22925,24551,18810,14084
0,48,43,101314,54759,9866,15171,20133,19498,24829,7757
0,67,47,112233,67804,16021,20490,6030,18020,14354,15915
0,83,69,103945,10384,2085,11996,3789,7649,7184,2164
0,70,57,988184,488042,25084,49677,49658,50526,29769,10376
0,80,63,1897926,31603,8534,24584,17063,33223,57287,7492
0,74,54,26837,88610,7248,10924,2878,9754,4239,2802
0,61,54,247018,177108,125736,18240,15481,25147,21192,17980,*
0,56,47,893715,204195,8421,5548,16006,10783,9108,8293
0,38,51,1600229,278087,132905,116436,47043,41035,33717,16081
0,38,50,170075,102239,9134,9450,7411,11021,10444,3500
0,48,40,532363,123963,23581,15912,15003,41782,51754,7642
0,67,48,106334,19773,2750,2697,6371,12269,6378,2862
0,78,47,178011,83268,29975,52489,17700,38202,31917,22192
0,78,57,1015813,233068,109351,83061,31378,32948,16002,22367
26,78,57,1100916,137431,11822,13936,6263,3179,3410,1222
26,78,57,246926,20662,4795,2921,2014,1057,719,342
0,64,63,582237,113761,5227,47850,23032,10862,6561,6143
0,47,77,564874,19596,10559,2046,2175,1887,2839,1742
0,30,67,927171,311286,35485,48487,18500,16528,18823,18698
0,34,63,96068,49445,15798,10380,8667,7717,14637,3211,*
0,40,81,616814,107675,275533,120224,27124,61727,56134,26713
0,48,77,764764,70986,28063,10691,24150,14919,12501,14048
0,51,87,2075828,248789,142097,56379,32740,30017,39840,24575
0,38,84,205764,128517,39558,5880,9797,3786,6941,4788
0,34,74,168750,175278,115791,30684,35964,23491,15480,25131
0,29,70,679687,136779,27015,26475,25642,18050,20134,12837
0,37,64,430125,42347,16673,5744,7374,9434,5787,5103
0,57,70,43870,30585,11547,25576,16435,16433,15238,9008
0,60,57,291775,86215,4226,15439,28213,9061,2583,12276
0,57,57,1664565,403811,116923,15811,24638,41042,21369,25955
0,43,57,986515,113361,44864,6482,11844,5417,8625,8911
0,27,56,129362,37666,13688,8668,4010,2601,1755,776
0,34,60,59283,19912,2932,2254,3499,3950,3713,6986
0,23,56,684288,227031,33467,19560,5419,6209,9989,3739
0,41,54,856274,192289,81848,10526,26670,68045,25771,26585
0,43,34,1417222,902700,8769,43165,13495,46571,45394,8335
0,30,23,1895664,522722,13472,33850,56478,28596,22432,24598
0,40,26,849602,302932,47315,44821,32661,20491,34363,15973
0,34,23,412818,52366,11474,6680,11370,7984,8870,6496
0,27,30,1820621,1280263,143386,26917,13914,41907,30352,11633
51,27,30,935421,439249,33543,32546,49295,82337,50444,36091
51,27,30,558857,6847,11706,13741,6465,9725,2632,2519
0,35,50,1563329,277726,96810,85030,77911,50404,39687,6853
0,35,54,500105,40111,12588,11531,9023,3806,7002,3473
0,35,61,829195,104124,52311,15005,11841,18779,6749,2296
0,48,74,417022,115102,44278,27548,15702,24223,6252,1551
0,43,56,706505,194561,15720,1237,12411,11629,1843,3815
0,41,43,48434,11540,1183,185,559,657,197,158
0,40,30,70133,51792,8447,1987,4943,5411,2281,573
0,35,29,2703127,614647,204832,74635,84582,67725,33346,8989
0,41,53,2235728,110330,159695,88098,113574,39628,24197,25740
0,51,66,1984442,223949,87162,35404,37807,52938,44722,40075
0,43,75,67300,120003,31827,18276,4105,6040,2366,1647
0,53,69,371300,47787,9109,8721,5581,17980,12684,13751
0,57,60,632036,71676,6894,22223,9435,22378,11522,14583
0,54,67,379687,87715,67877,89557,39959,23569,13360,13905
25,54,67,138936,23449,3805,591,1050,494,600,643,*
25,54,67,353705,105599,28139,17081,6796,7152,5055,2134
25,54,67,1489246,925404,147818,27265,32304,23000,36327,22149
0,60,70,672795,173568,48344,66590,28517,16457,6296,1764
0,51,77,535982,128634,38618,21721,7558,16166,6438,5644
0,29,66,172315,138909,11606,4690,9231,3189,5801,6247
0,27,60,528726,71357,36209,10769,3880,9335,6950,5391
0,37,54,2529921,92844,40601,3902,12760,22490,8628,1809
0,37,54,1270385,63896,14551,17100,17219,8004,9464,3540
0,44,61,1552440,100853,24469,5656,24595,6194,2724,9164
0,48,61,405712,39263,27920,6470,12597,10199,8552,2478
0,30,54,483928,69415,6243,6150,4268,1645,1205,452
0,26,50,911853,536911,68120,54971,60840,33687,20013,12283
0,23,53,188260,14996,4518,1467,3389,776,306,241,*
0,27,53,577449,226755,201137,26799,44882,91973,14930,24197
0,30,64,257435,13020,3657,3861,732,744,1669,2352
0,24,66,1214252,213745,28828,28616,17992,6643,6268,5473
0,35,69,297134,208451,49122,72852,17230,37784,21681,12274
0,35,63,73209,16622,3993,3190,3857,4995,3765,4926
0,51,70,519300,34222,50684,41648,15616,31455,13313,3253
0,66,80,805389,46501,37030,4508,9132,9504,8870,3183
0,54,81,779305,68194,22307,14173,5980,2921,3078,1706
0,37,78,177073,208840,20642,25058,7301,7335,12858,2723
0,17,54,390755,646480,38681,36002,35711,21032,23970,28070
25,17,54,1908590,60581,46042,26735,10580,6260,6609,2869
0,14,47,1157460,233631,69308,23762,47251,24865,7289,22208
0,29,35,53173,40172,2174,5835,6522,7405,3551,2427
0,50,40,414144,46018,12714,10133,6851,19038,38264,10723
0,63,53,590256,248923,36582,91971,26050,46292,24866,26835
0,57,44,184901,138047,17344,1941,3815,6865,12189,6511
0,63,61,124361,51382,52194,26416,19032,35785,26288,19506
0,50,64,1655728,297894,119199,32026,17805,29865,46204,8968
0,54,57,79352,16981,3931,2183,2660,5297,5069,3083
0,48,64,857433,166528,32458,15218,18862,4503,5104,7286,*
0,35,50,141721,162559,30555,1993,8897,11248,6643,3486
0,50,50,651102,92540,28581,45269,33563,69704,27148,12669
0,40,50,1918010,25157,2527,6025,7154,2618,12133,4524
0,57,47,201114,117495,12870,13492,18154,20172,32625,13860
0,64,50,1105114,247666,62841,21576,15764,46089,8239,9353
0,61,44,188506,27333,6818,3617,4723,9823,12207,2326
0,64,48,54918,16015,3365,2839,1654,2687,1680,835
0,51,38,11105,36694,1619,736,1514,1254,817,1414
0,34,38,482913,65995,13325,4489,4446,1318,986,1362
0,21,38,137561,11642,1485,1890,1604,1034,1341,830
0,17,30,394503,129063,10484,18191,10627,12138,5251,4712
0,34,61,2645577,20610,12138,40522,10169,12405,26513,22039
0,47,74,250808,79677,70126,22008,23184,11437,24825,11059
0,37,66,119604,203905,16618,8777,17168,5672,6540,4815
0,34,70,100905,27188,6196,4667,3549,1945,3054,1225
0,37,61,454312,167306,57979,52906,9707,63850,23429,10628
0,44,41,82020,29100,1249,3415,11355,6894,8734,4252
0,63,63,73075,5743,9555,7539,7484,4108,9405,5108
0,69,57,95073,60854,7887,10458,10233,10112,20361,9960
0,74,51,212827,12065,3726,2374,7518,5522,2912,1425
0,67,54,1597773,319252,8042,56233,69068,37744,23691,4938,*
0,64,40,150328,38945,10325,4877,16242,7536,4988,4518
0,75,43,311530,56989,26245,6814,23927,36597,10694,12380
0,69,40,206832,39386,6193,2158,4720,7743,2997,856
0,63,40,105999,125968,15242,6195,8434,6987,6519,2070
0,50,37,994024,279930,38593,10904,21414,9596,4619,3190
0,29,29,901824,277242,26455,19924,38339,14227,20830,14171
0,26,38,2094089,446826,283834,7719,62288,94517,23978,46031
0,35,50,1678386,148550,72608,16678,17853,27593,14601,5455
0,34,53,241903,149636,13280,21874,3847,4690,8956,4299
0,40,66,256422,52840,23093,9536,2726,6957,6225,16587
0,29,63,128324,23789,1675,7593,1607,1622,1067,2161
0,24,51,843636,186558,4430,23624,8958,13469,7724,3265
0,35,64,57282,6013,4517,2076,1023,1000,2973,2078
0,30,66,649438,34788,6506,20192,6868,3563,7320,1436
0,37,57,467170,98973,11168,10415,8196,10655,5379,3036
0,26,61,789869,187236,10803,25037,3685,4103,2270,1529
0,21,53,1176132,105681,20374,16765,16107,6294,3048,3333
0,24,27,1427254,145204,1474,6483,4723,11664,4057,2550
0,20,24,854266,379432,27454,27785,27814,23432,31649,11354
0,24,26,1128812,245036,28582,34132,16543,10876,10572,12066
0,26,29,709561,51105,10339,15375,6108,3959,4113,1738
0,26,47,1292983,81340,12368,14037,4381,8383,4536,5474
0,37,51,680945,88926,16344,12115,18915,20379,16805,7791
0,47,60,949866,43287,21093,6559,4616,6323,4538,3004
0,50,64,1299542,158581,92638,44953,14891,25561,5105,15728,*
0,51,63,841130,242117,54043,11352,19590,29727,13440,5778
0,37,60,187444,258627,10324,34171,12537,11081,42632,9062
0,27,44,1224219,126449,5986,10176,6752,4903,3728,8213
0,23,43,368763,52112,21753,19657,9560,3903,4360,9954
0,34,47,107308,47247,14434,9694,7955,23681,29552,9586
0,47,50,213770,94102,21489,6165,7262,17118,21547,4149
0,48,57,182837,135521,6055,34896,5405,6245,11829,10206
0,54,51,113559,35361,8705,3848,4336,4666,2992,3982,*
0,43,43,48350,22950,1812,1079,894,2068,2318,485
0,35,38,304721,189316,10915,17410,8073,12380,10287,2797
0,50,43,522766,27454,15655,3878,6498,9332,4734,9311
0,48,48,187652,74884,26935,24021,6549,9219,4822,4581
0,51,53,1324311,193781,29796,14596,11009,36609,14920,16687
0,53,54,1102005,356456,47719,15702,26503,27069,10248,6303
0,41,34,1290352,719787,13246,31207,24511,34641,5034,12583,*
0,38,43,1931967,67088,160071,50335,52011,14713,12880,12058
0,24,48,70024,71859,15763,7510,7211,3252,4325,2689
0,26,53,195505,68992,18316,5279,5890,7987,4789,5366
0,26,66,84477,46398,7014,4834,3937,2563,770,758
0,35,47,72874,57982,8951,5307,4498,10382,1764,2947
0,54,53,95760,25498,11670,15115,13837,13690,10563,16231
0,60,56,65214,15017,6337,6873,13244,4727,7059,3784
0,70,63,64026,136945,57303,34688,16063,36153,17005,9056
0,69,60,193409,71979,4617,7546,8672,10550,3292,3308
0,57,57,79131,75986,15442,28541,8047,8091,7366,6459
0,50,60,120639,10739,1596,5491,2267,1389,1196,1285
0,30,54,111193,37593,9624,3030,3070,1069,1106,1149
0,35,69,273091,15568,6260,5336,1804,5065,7991,3942
0,27,74,133556,19275,11624,1726,3730,938,1845,2437
0,17,54,305896,250283,14420,7378,1525,6796,8617,4205
0,20,43,1359972,558434,42840,10931,19924,18877,36386,18675
0,10,43,1283904,601466,262016,118058,33185,45701,15874,19967
0,16,37,118299,28413,5762,4854,793,2518,1610,765
0,23,48,46988,23101,2160,4227,3155,1594,1070,2671
0,24,69,878433,734705,431168,245641,83641,50197,60489,81864
0,30,67,985157,72966,29535,19456,13964,11829,9217,8669
0,24,66,262351,124070,15009,26378,4651,4625,6576,5852
0,21,57,82612,33516,2936,829,3191,1496,826,1109
0,29,50,580673,82573,26488,5348,6401,11818,14009,6408
0,21,43,272349,46911,10763,2355,1823,2097,1505,1746
0,43,50,479139,1553,2443,3516,5602,2684,3528,1318
0,37,66,97291,10831,4749,1137,914,298,389,126
0,26,66,324275,99675,24979,7616,3436,5188,1237,2311
0,24,69,200631,103909,46558,7808,32304,4025,8144,6832
0,13,60,533459,71485,4059,12671,3878,8366,4829,2389
0,27,50,52900,19844,2619,1812,1871,2047,767,732
0,21,47,29681,40069,5506,3220,4064,865,766,880
0,41,35,186231,97536,6739,12387,22916,29929,16304,7047
0,48,30,210408,28755,4864,319,4666,7482,2310,1480
0,48,38,1361001,248860,47574,95477,75264,32032,66427,40304
0,74,44,1767036,40478,21186,5375,7116,22203,7056,12756
0,61,60,153871,3740,2777,176,799,459,443,756
0,56,69,1728460,364491,111260,69821,65632,62857,14924,31073
0,66,78,89034,11106,11329,7479,212,9159,6620,3432
0,51,66,1196551,345678,23824,16964,25996,18281,29372,12341
0,40,51,307305,159011,10558,15029,13713,3371,5364,4294
0,34,47,1280174,242911,21104,38265,31073,19226,38312,9844
0,38,37,113362,39962,27570,8260,23392,38205,19311,10479
0,44,43,1178360,110230,18492,11941,12785,13390,5085,3972
0,53,44,23937,83744,12410,4674,5533,4969,2096,2334,*
0,50,41,2252965,846359,89668,53212,98913,46104,13472,10235
0,47,29,694889,19859,1294,2410,7221,7780,5477,4182
0,60,27,181177,21974,4779,2813,6102,11778,7272,1970
0,63,30,194308,56318,8607,11791,5926,5744,13672,10747
0,69,44,512525,298447,120379,70394,68397,41963,24145,16858
0,47,50,1609310,92992,11088,6769,1860,3318,2544,740
0,30,47,1326622,117840,13596,5877,17776,10139,7106,1799
0,26,43,88958,23160,3009,2167,2595,1066,1382,567
0,29,41,160165,53791,24974,4397,14596,12106,15871,14838
0,44,47,1597520,229461,88079,13780,35948,50192,49667,13524
0,56,61,245787,65319,47546,25288,21213,35323,25435,12589
0,70,57,143446,36942,2935,4242,8303,9352,6050,2767
0,63,51,1424168,111479,11288,17233,20690,7028,4398,9666
0,60,51,2147427,155076,47902,30114,35586,26131,27091,31754
0,53,48,114362,3577,1870,973,2286,859,1977,1055
0,43,57,501107,28274,7884,4577,2504,2970,1827,712
0,44,61,1535653,574476,108975,46523,24908,44402,16096,14430
0,50,54,184149,33733,7614,3034,10876,6962,6469,2900
0,48,47,209357,60390,9742,3175,5982,8490,6133,5804
0,47,44,279064,23497,4748,3042,1365,1989,273,332
0,60,47,603546,34516,17043,7083,17327,13725,4057,3002
0,69,54,115954,7202,1490,7040,1342,7876,6739,3202
0,63,56,220591,660048,101140,28203,61908,57187,21730,16198
0,67,51,478402,354520,9045,92930,133137,42439,74580,21293
0,63,54,2120756,48482,27464,4319,22563,10596,7947,5009
0,54,47,42491,86912,12574,10120,6290,20731,27593,15919
0,60,50,567820,199050,58479,12913,17828,32490,40261,32347
0,56,56,130203,47783,7949,14451,6810,4677,8003,8168
0,47,51,221008,47814,11286,3487,2646,3056,1011,829,*
0,50,50,1013008,181985,36307,9678,11444,58452,26673,13866
0,47,50,1397454,268671,48046,29119,18305,27450,19178,7728
0,41,35,545951,214867,7609,10958,9258,9343,20808,9387
0,51,29,318245,145194,15427,14327,12633,23043,6933,10925
0,40,35,1012282,156460,21912,20825,9903,15130,8258,7485
0,47,37,2900919,381334,92929,93025,126523,99365,24742,33773,*
0,63,61,1646583,17026,10884,20998,7144,13054,4176,5037
0,63,67,443830,65573,15151,13366,24004,11572,6141,3763
0,56,61,652396,319317,25858,22047,5697,12335,11879,5160
0,57,69,189803,30683,18129,14482,11139,13471,11101,6589
0,35,53,842214,1215420,116968,113571,42617,30717,33189,25293
0,44,60,164892,12158,3604,8494,5074,9027,3129,5859
0,56,69,289780,177622,33971,50840,15653,38849,20926,6525
0,60,61,222881,3052,786,673,664,1215,1689,497
0,70,67,195872,170869,30754,34110,18536,17875,27338,15055
0,60,67,972529,293730,130164,44347,22973,55473,24680,32889
0,54,67,1026823,81373,9050,25574,14017,9903,6201,3638
0,57,57,882819,183617,26852,13220,38906,88530,20590,14660
0,64,63,2266963,57058,51968,44267,83335,23713,60901,26634
0,54,56,79563,57710,6293,8663,3515,2895,2246,4051
0,64,69,1965189,63185,88719,81396,15667,60033,41503,22238
0,53,88,628662,158498,105361,23171,10396,25412,7064,14140
0,56,83,194563,15789,2548,5886,3256,5820,7802,7720
0,61,88,2292727,1107810,308326,122946,146437,100677,72674,91884
0,61,64,222447,70101,10780,5144,12509,18703,4912,3488
0,53,56,2190500,382618,67078,70142,31878,18647,11650,4903
0,29,54,667864,226062,35109,41906,21628,6099,8294,4281
0,24,56,364350,107138,21909,22776,6438,6258,7300,9622
0,21,67,1768557,131627,46963,76954,70249,44580,28388,25428
0,34,63,179970,72921,12364,4556,8164,10808,3356,2961
0,51,57,449982,52843,11383,3818,13123,9953,6501,3196
0,53,51,512836,478775,39882,73910,52534,30963,5591,1003
0,38,54,476889,36165,22664,10350,12123,2116,4714,1625
0,44,51,1043160,78555,1921,21110,58186,25116,79785,61143
0,53,69,192635,9044,5594,16788,2062,11422,7991,2099
0,61,77,1280969,146962,73060,16276,41702,36848,37809,34690
0,70,63,1171544,179914,18336,26327,22188,17541,62950,33937
0,66,77,624396,140027,69594,31901,18340,34593,31894,48142
0,57,70,180848,38902,16506,11762,2929,10214,8623,5942
0,54,60,185414,73390,5477,8414,14417,9171,12798,12093
0,48,60,1068179,896834,130302,44696,24664,46510,46201,20037
0,35,57,686087,161214,73862,11832,12142,8445,7320,17510
0,48,56,174652,26821,22798,19219,20076,42150,33583,12492
0,50,60,718041,59603,10327,6305,21589,9272,2469,895
0,43,63,662078,53606,6714,7331,2545,1328,969,299
0,60,66,69813,5013,5079,2737,4096,3303,3009,4355
0,48,60,930746,242053,62604,11332,27021,48380,43009,19872
0,40,69,299770,519556,245328,65356,24920,38761,64822,22482
0,54,88,529206,17876,27544,19370,13783,6464,3773,646
0,50,90,82533,16398,8075,8227,3887,4131,2558,2079
0,41,90,146766,20871,6159,632,5045,1674,1046,2355
0,53,81,1037424,103657,28422,8966,5459,27979,8910,2885,*
0,47,67,557283,85523,30521,1780,10437,4864,9525,14404,*
0,27,44,1686632,1314849,77536,42132,66913,26703,33650,20179
0,40,48,1336733,22802,1914,13318,18035,7925,9065,8225
0,47,56,191837,24025,7659,27133,11100,23977,21699,16582
0,48,64,2921278,420364,211634,155497,64055,48922,37316,16244
0,57,66,215847,473174,39501,20338,27982,31461,40690,13931
0,44,67,1803078,435823,85148,140246,46734,29646,31510,37502
0,37,63,628346,22317,11475,3113,10213,6872,9452,5646
0,40,57,94130,93976,33338,13394,7994,12111,6306,1567
0,38,60,99310,614362,38866,35604,25310,26673,15461,11303
0,24,60,1613562,301393,62601,63061,5518,4247,10722,9576
0,1,41,147840,189959,10790,3613,3466,2470,825,676
0,1,37,1218871,322194,68363,18634,23204,14615,19702,17927
0,14,56,278939,33370,28595,21558,14631,33080,8508,16275
0,29,48,465682,701508,94008,53356,13480,42481,33691,15839
0,53,78,563228,62148,130381,27370,5860,44640,45567,21186
0,56,87,182630,16722,6093,3982,2310,1310,453,257
0,53,75,428112,94211,21052,17990,25784,44150,38411,18313
0,53,84,1474349,412813,166840,83128,102343,40148,26609,20574
0,50,70,644552,28501,7759,8298,5128,5189,1935,1476
0,54,77,218241,41733,31750,6011,2176,6828,1548,1150
0,47,88,603011,31321,38151,3569,21567,7264,6106,4640
0,44,75,1710044,659440,73035,26799,27980,36078,31378,26263
0,51,78,3644854,99621,74352,40844,49359,61052,37796,42415
0,48,61,3002423,545624,33051,71581,32771,38224,45500,11082
0,48,61,195034,10108,6405,3002,1380,2040,2703,1116
0,53,75,602119,34548,16497,3477,2209,4863,2601,603
0,43,70,235645,7800,1350,3731,1508,1040,874,1865
0,51,77,696786,350508,74341,43566,54610,71450,38394,20402
0,61,61,1103220,34841,3939,8614,21373,14599,9608,4179
0,50,40,287470,642020,27123,12272,15784,16271,16630,6575
0,44,43,282972,99394,45426,34031,5902,7775,4053,5506
0,38,37,860817,155337,7749,16141,23012,12616,53883,15069
0,24,30,367207,144729,13320,4254,6380,11880,8077,3242
0,38,48,418978,103320,10499,21100,3937,14172,16303,4777
0,43,24,864272,467615,17885,24482,7308,41819,45496,16231
0,38,47,76562,20243,18208,7165,6392,1959,2872,1697
0,35,43,818201,1296511,28640,92243,64722,81888,19415,16114
0,37,30,322705,90654,3572,7194,3582,10707,4950,3532
0,29,44,204441,205822,44169,14542,9981,12049,11773,7230
0,40,41,896806,57957,41162,8033,7917,15351,16074,13397
0,41,60,648000,154046,68325,9143,19963,16366,6502,8152
0,29,51,605256,303390,9826,5451,10734,9522,5695,1591,*
0,35,54,810841,116387,42345,7456,8072,11652,3815,1520
0,34,47,263904,82946,15186,24603,23618,13791,2978,7610
0,38,41,214483,35025,3429,8303,2216,5157,1150,688
0,48,69,233926,6339,1645,3011,960,799,1364,890
0,53,67,1568365,237223,67788,14996,17865,34746,33098,23294
0,44,66,793383,361439,108184,8756,35705,18868,20268,17895
0,43,64,118807,58460,12812,3557,4670,7819,9442,5606
0,40,51,3762639,607529,96812,32818,18275,35887,29422,32532
0,35,50,594469,1343047,249254,130461,65015,123402,80348,40072
0,48,66,1373343,64674,165404,11512,26312,37048,26460,10404
0,56,78,169216,114803,37602,91136,28683,55950,6940,6159
0,61,91,1882734,59288,8754,43952,11618,9560,8531,2196
0,64,100,1578816,157773,34799,86778,18677,31526,17467,11380,*
0,54,90,962302,172651,66119,47324,37024,14408,11902,10549
26,54,90,377501,14996,7960,5818,3325,1102,768,456
0,43,84,1899868,1135328,351823,108300,54974,111620,34786,115314
0,44,80,907277,248002,57812,79617,55137,35618,15933,27166
0,50,80,583801,32657,38860,1792,14145,14176,8460,2797
0,50,74,974635,176941,28100,22008,12869,11564,8240,3813
0,51,60,506187,52627,3193,5719,16034,5714,9333,4690
0,61,64,48620,19610,21642,19788,22970,17792,29446,26123
0,53,67,187379,25227,22537,3206,472,3829,1761,1282
0,53,80,1227838,37031,25410,12924,10852,3750,4607,3281
0,50,90,1411354,394783,97341,16470,19941,32781,21085,22222
0,44,77,1993085,279312,21556,68110,62124,63533,23552,22699
0,43,69,896046,200996,109761,8099,13706,17922,8086,3452
0,64,67,443542,11091,4043,12849,3005,13689,5188,2142
0,56,63,750176,172802,2101,24739,7276,5844,11245,3235
0,50,63,168023,68644,17554,2645,8300,6922,2398,3751
0,61,61,1508303,125264,34058,35165,27777,36004,8070,5699
0,47,61,686061,58207,48535,1742,5565,12783,5920,3698
0,48,61,1612921,304275,32833,17076,12170,10973,5275,5686
0,40,78,626282,87660,94656,14026,5881,7057,2334,5442
0,21,77,553366,385810,62633,76215,30281,15324,35101,23627
0,27,70,58543,34673,4490,14765,2413,11971,5078,2682
0,43,88,345379,115060,84457,54571,29453,42466,19583,10216,*
0,43,67,953514,125569,19710,3319,7106,5637,5780,6359
0,56,60,321491,35588,5384,2450,12672,5388,2991,1647
0,40,53,684224,162103,20927,17350,11018,6906,6519,5624
0,41,44,134902,54632,17180,12048,13402,16153,11841,5861
0,47,37,1909275,245064,12988,8336,10840,17215,26534,12978
0,35,43,77525,245683,17731,71716,13768,12228,20237,21753
0,38,51,2156336,575561,166864,136852,36268,41100,43592,55216
26,38,51,592336,90051,11083,14399,10269,10721,3992,1266
0,43,53,284969,136983,82662,15144,21655,77159,18289,18239
0,43,70,724798,99888,36489,5262,3440,10005,4439,6569
0,41,69,661668,259710,46781,26882,13647,9699,7454,4146
0,38,54,953965,370422,28127,27116,19197,12119,12991,8236
0,21,56,2704503,216572,60501,48722,14871,16566,5963,5047
0,21,56,2124240,94381,31928,18171,15076,8779,4431,9608
0,20,60,956012,334784,82720,42083,14659,11687,12447,13198
0,23,64,371380,199889,38970,11743,22259,12101,12474,5514
0,23,51,1714930,467574,35420,29232,61140,35165,47615,30393
0,23,44,173542,97321,19148,6204,10065,7117,4997,8901
0,24,37,1232231,246474,39391,12404,17836,9130,5938,10307
0,35,47,619541,104551,55835,27315,36634,23016,24938,7772
0,43,56,2052429,65234,10947,14079,7120,14682,19917,7035
0,60,64,43601,55683,24497,28402,15130,37822,16675,14601
0,63,75,150707,44125,21946,10522,22786,3385,5995,4923,*
0,48,61,27860,20598,1908,1590,1981,519,457,545
0,48,75,2097681,348002,353515,111408,50231,120575,31413,42833
0,26,74,1564339,1083200,192466,321710,63230,57949,45577,25389
0,40,81,730467,53888,67615,23949,10836,25888,13243,30277
0,43,88,145495,137576,27419,16380,3857,6589,6537,4930
0,30,80,186635,38063,16488,1747,3981,2651,2475,1559
0,50,87,656484,19087,31746,10102,15170,15024,8550,6164
0,44,84,862147,41264,23879,28988,12292,10112,6195,4698
0,47,69,1210856,536553,25294,20775,58665,22838,19646,22585
0,43,74,1743201,121867,63564,26390,21945,6480,6354,3888
0,24,47,985700,194033,11231,9038,41243,7775,7771,10066
0,21,47,1118537,365407,68828,246685,33244,50133,11119,17812
0,23,60,477488,150100,23326,27352,21135,9270,4835,7924
0,29,56,1051989,126304,24727,36217,14578,11372,11119,10166
0,29,78,288617,12380,6156,1687,1779,702,428,373
0,23,66,910050,150901,29245,14154,12548,6680,4258,2870
0,21,64,3245316,540852,67272,60618,14274,29476,38849,21869
0,26,61,428107,152646,32471,25709,50247,22817,20691,18021
0,50,57,227111,5879,1752,3801,1991,5031,3280,4235
0,64,67,1187001,21563,16337,3442,3639,7496,3736,1196
26,64,67,246790,21850,2506,1788,1630,1415,510,186,*
0,61,77,121899,85058,32321,20732,8474,4056,5933,3705
0,53,80,186987,171036,32059,32399,8274,10290,16790,3829
0,23,63,366655,902409,76296,13579,39057,16548,4508,7363
0,24,74,544593,12366,27200,22545,4193,13667,17549,8111
0,41,69,1872179,249912,73699,84893,46797,68663,12269,19178
0,43,51,295532,37851,461,2261,3640,2169,1376,2259
0,51,70,320819,9769,3707,3114,918,655,568,337
0,48,60,544829,30897,5270,15996,4208,7734,4053,4528
0,43,54,612109,52861,7832,11431,11767,7044,5008,1227,*
0,38,57,757718,552884,32347,16963,41975,20842,17924,13213
0,35,51,1382728,1241576,264529,164244,75027,48479,46126,43061
0,26,51,1709635,529893,217105,133607,66756,54359,25936,22190
0,29,56,922622,49703,13263,13686,10628,10719,4754,4198
0,37,67,1677343,366987,27658,62832,23144,28741,17428,17193
0,51,69,178290,30547,12271,7623,13277,7451,8969,12227
0,53,54,212731,95198,2933,12385,3665,7969,6168,5379
0,54,51,311926,50956,9099,14462,16297,11750,9650,5837
0,53,47,521850,177377,16337,15191,16999,13010,13116,3657
0,47,48,1725173,94032,26672,22048,8258,9876,8048,2961
0,50,44,951185,281019,18484,15632,61319,31440,20279,16356
0,41,50,2147520,585281,151272,172885,80614,53781,35743,40519
0,47,47,262351,689368,68897,32531,27983,85955,18687,9657
0,48,41,1372359,187404,22622,37320,18227,25501,29887,38089,*
0,35,63,363835,270905,31640,183157,32698,11805,15915,9809,*
0,43,66,392558,77733,31725,57424,39629,24681,21285,4968
51,43,66,583476,39303,13540,33646,6911,4106,3285,1577
51,43,66,837517,99111,27134,30593,15418,72578,86930,60687
25,43,66,1801,814,270,232,107,82,29,13
25,43,66,48,3,3,0,1,1,1,0
25,43,66,1403133,519753,274444,14687,69047,68224,33490,15350
0,40,61,71093,15768,1331,388,2138,1338,1565,957
0,38,63,152187,31477,8962,1671,5347,2943,1825,1069
0,47,40,574552,234193,14085,10292,13550,16564,3473,1729
0,29,21,866670,209144,10369,16556,6155,5185,3725,1600
0,29,38,238819,47587,24042,3978,9824,6024,2624,1570
0,17,43,1133456,551983,177042,37971,5815,13373,13262,7904
0,16,66,67519,98565,76740,9214,11471,11619,9405,7522
0,21,64,341251,206645,15916,10968,17881,8095,6589,9630
0,16,53,118957,129464,13145,7340,3969,6537,4007,2321
0,24,57,106070,33737,20328,2415,3375,2551,629,381
0,35,54,71704,17213,4329,5969,1359,4027,803,405,*
0,35,56,278754,25826,3061,839,917,1056,75,89
0,43,60,459277,123187,11587,15811,3911,14247,5661,5023
0,47,63,636429,51003,10764,45911,10767,7582,10885,7389
0,47,57,1054570,172086,40596,27402,25318,30748,15155,8460
0,40,63,894238,797332,74824,112361,46205,19094,16173,4709
0,34,77,1595976,198901,117813,40285,19535,15534,18103,4815
0,41,63,183674,101554,20631,14933,25715,22231,14501,17183
0,23,54,466727,165083,19316,6484,7730,3695,1926,1074
0,35,60,854390,80489,15178,20802,10762,7933,3884,2250
0,43,50,547030,74696,8917,13715,3832,10177,3369,3824
0,37,51,587961,179517,42563,16718,25688,17839,19832,9737
0,44,63,1229278,228229,75417,32252,31651,15917,14774,28078
0,50,56,401889,74055,10529,9265,8518,11765,10843,9381
0,44,57,78997,32238,6584,6012,3891,2479,1342,804
0,50,63,352811,80818,15437,26072,14213,15331,2584,3507
0,44,61,571325,250630,71122,27413,22484,9680,4098,6679
0,29,67,639906,150148,25384,39021,20599,5692,7938,4944
0,30,78,2114263,78250,87907,22388,34663,13436,6291,3138
0,26,83,962240,17139,16559,479,10577,2411,688,697
0,44,83,1507955,133737,55314,5115,7638,38296,14706,11735
0,50,81,801391,38723,6561,6883,3203,2058,697,583
0,53,84,47450,8996,12418,3541,2444,2660,1601,839
0,54,75,1069719,95032,20427,13710,27434,10428,3414,2010
0,40,69,10384,5717,1109,779,723,316,161,116
0,43,54,1470256,287250,12829,15967,36213,21726,37193,15892
0,51,29,745495,249217,16545,26749,33331,66558,18288,14095
0,41,29,205538,14486,2211,1873,1522,513,302,462
0,64,24,118184,74790,4937,20019,12572,46801,25226,7879
0,81,37,415366,29954,10771,6274,19278,18135,9342,6026
0,83,38,186488,46874,6420,6581,13824,16307,11152,13012
0,100,35,286889,47546,8281,4159,14176,17587,6600,7232
0,93,37,832553,265658,11887,60220,36473,46163,11795,6262,*
0,75,51,699490,35285,35810,10238,9650,4168,5252,4192,*
0,67,53,2603208,411460,55886,36657,19131,61861,26801,19372
0,50,60,1416887,193203,36011,29489,24213,11380,23863,4082
0,44,53,1530691,358510,22620,29307,45142,35738,14370,30884
0,51,30,600939,91482,3604,15656,24220,11653,16465,7558
0,43,35,692512,23115,2621,3021,2372,1638,1854,1024
0,30,38,106827,60231,17636,12248,5889,1171,1381,842,*
0,27,44,139396,13780,2889,851,1576,1121,442,155
0,29,61,123447,30522,22280,10676,10583,9079,8405,5195
0,27,74,1113675,676096,314199,124963,47241,47963,15591,14034
0,47,67,2888648,616100,183166,16788,40533,69193,18479,7492
0,60,78,986758,33094,29929,5186,11320,17465,4809,3263
0,40,61,1089010,1044393,68962,110613,30705,21834,21660,24378
0,27,47,1517870,326921,32601,16680,20624,5080,7091,3850
0,26,50,135959,19745,2549,8549,6245,2446,3396,2769
0,13,44,930408,284055,34864,79087,43209,26399,21012,13258
0,30,48,415024,11309,2841,466,1592,1682,439,1035
0,38,53,638885,175950,23373,20481,6792,5485,3339,2216
0,26,41,901681,194212,12875,14038,9218,4910,3824,1890
0,37,50,165576,89461,41388,61125,32418,35702,8840,9260
0,26,53,317643,47025,12939,2019,1570,2494,1027,438
0,41,64,480810,21773,22998,2977,9907,6107,5497,2125
0,50,70,1584822,126972,13290,26268,13201,8628,11145,3200
0,35,77,78924,8985,10918,2135,2333,877,1482,371
0,53,87,45806,33131,15113,18017,5857,16942,14009,19065
0,43,88,719049,89595,38974,45799,17343,6877,2984,2070
0,38,94,595353,92375,48980,11476,18161,5036,3588,2233
0,43,77,317284,24654,2124,3335,1269,1984,505,444
0,38,77,333249,69135,71172,17406,20394,26208,7757,20177
0,44,67,643347,64637,21400,7030,11009,7316,5174,3266
0,60,61,441087,196749,46457,34137,27048,37873,13748,5060
0,54,60,1098439,208694,25888,16830,25606,12075,7690,6108
0,44,60,425457,98584,75262,13903,5652,9802,12924,6436
0,41,56,530006,234560,18174,46005,34179,16735,16734,12072
0,30,56,123478,18156,3182,2789,619,1247,741,479
0,34,64,515340,77346,27209,2027,7914,5616,5367,1703
0,29,48,235734,128345,20545,5371,6717,6151,9843,4696
0,34,54,879987,81201,37920,2398,6796,9371,2509,1286
0,23,54,328830,139885,23318,24336,10619,3105,1726,5306
0,23,51,148666,24835,5532,2325,6853,1613,675,254
0,40,47,1023689,81085,6002,6772,4220,21578,4148,2805
0,44,51,1592587,31438,8252,20936,7845,8853,4783,3722,*
0,50,40,1854221,510290,12948,40822,9425,15051,42486,30734
0,56,48,823358,147322,33729,72725,30344,27975,14493,10093
0,63,47,102640,55281,1972,8051,16210,30481,22942,10015
0,64,24,177068,16338,758,1266,1532,3196,9191,3219
0,74,24,621360,279888,10078,17525,12799,16743,27217,11813
0,50,8,1532583,1105730,66262,65053,22919,12871,20174,23712
0,38,14,158244,51493,7510,5422,5838,8533,2132,8338
0,30,30,1948577,322415,142483,56402,77761,43343,23288,61566
0,30,51,889023,227559,124124,87676,120634,25407,8446,11980
0,51,66,844689,68823,33990,8777,6104,9839,15047,9498
0,47,74,57431,8325,1572,1291,975,853,835,413
0,50,63,312739,281719,25696,31838,32496,34325,9798,5772
0,60,44,156419,32264,267,3853,3509,5645,2057,2316
0,69,41,119112,13228,3609,4588,4423,5208,4229,1649
0,66,43,2738858,284256,64753,49376,22585,24328,14810,13654
0,60,44,366010,173313,21874,18567,5068,12771,9918,13035
0,47,50,728276,737475,53179,85508,37674,33929,18748,6012,*
0,26,51,125472,13210,5695,1153,1311,537,287,245
0,29,47,219594,186425,41073,11225,27347,21775,9015,8607
0,35,60,1159049,148119,94000,42178,28458,24595,12269,12670
0,41,64,56868,30896,8753,2200,3657,3789,399,215
0,47,63,1224070,170106,52887,16531,22654,11633,3579,2082
0,44,74,144122,19436,10105,4360,7889,2574,622,122
0,40,67,474674,47740,23845,4522,6239,3961,2344,1895
0,23,63,465882,141666,21550,7241,15042,2496,5310,1878
0,24,57,153951,52813,4851,7831,3512,3665,2852,3300
0,27,61,116045,18988,11974,7108,4617,3988,2698,2096
0,44,54,156286,39568,573,15295,7014,17388,13024,10235
0,56,61,182314,40143,5153,10985,3247,2694,2032,1266
0,66,48,2034455,274672,12829,8985,10683,45743,13074,12393
0,69,27,155484,25975,2609,1183,1432,4547,3395,2175
0,67,27,154880,50585,8696,10416,8890,18923,13520,7579
0,77,27,298954,46203,8943,12013,9572,8947,3584,1561
0,64,38,98220,371336,46670,17025,30733,18413,8753,5559
0,48,40,68590,37675,4090,1603,4703,1136,999,816
0,26,43,803461,92425,30375,11867,19126,4452,5223,1891
0,27,47,613668,76812,24808,17809,16513,17077,9672,2709
0,24,53,638236,263353,81535,21584,24953,10996,2958,1371
0,27,64,348388,46813,12109,6690,3359,2403,2702,2505
0,35,63,481498,55789,15411,7006,11859,5376,3047,2073
0,23,53,1650558,397047,16563,60758,46534,20224,14273,8335
0,30,54,1107363,410042,143703,53232,35983,48027,15917,23583
0,37,54,119384,13539,3683,2516,1314,1019,348,237
0,29,69,161763,376949,454510,197576,82476,33793,82565,25037
0,34,75,606275,121094,26798,7243,5850,9024,5473,3855
0,27,54,178951,63348,1416,2560,2775,3569,3064,3881
0,38,44,192458,13535,2427,473,2112,2723,2991,2381
0,41,24,68013,129646,10022,19991,12546,7647,12750,13246
0,37,34,60220,17633,7515,3655,1552,903,332,508
0,47,40,119355,19451,534,2220,2405,3180,3758,6481
0,38,48,904400,217970,80890,12380,44608,20063,9567,4550
0,64,41,97512,34303,2249,7358,18333,41540,6285,12627
0,69,26,738388,214047,20823,15528,17417,15445,10195,7747
0,66,34,272701,68715,3745,14236,7432,11782,8448,8504
0,60,34,65034,55020,15467,4235,4593,2888,3226,5988
0,29,50,124176,215147,121979,13292,22240,12016,17692,12653
0,29,56,643813,82464,12031,13388,11075,6833,2050,507
0,14,54,2398445,219055,29404,14810,24134,7291,4607,2330
0,24,61,86634,7176,5180,919,1880,1325,933,381
0,35,61,232037,41764,19286,15849,13684,8519,2627,1307
0,38,66,74087,20800,7208,7379,8648,3083,2682,993
0,56,67,269313,82241,11619,9484,15964,21193,15621,2792
0,48,57,1252854,379495,67072,41371,59848,20041,13725,5199
0,40,61,779578,94122,55599,21750,8034,7165,2741,1619
0,37,64,496987,51510,22157,15842,8335,5334,2932,960
0,24,60,146198,96518,12029,1676,5827,6825,3227,3355
0,26,48,216850,562677,21405,24810,14119,28370,8233,11748
0,29,44,1369434,125701,65923,20445,9723,13833,14683,9200
0,34,38,1000889,254894,77006,14510,32270,29871,10636,12946
0,34,43,173036,102555,6408,17939,9039,7530,5114,2662
0,29,63,2759191,283736,103585,52038,51178,13993,23838,23861
0,27,66,129452,63099,43934,14719,9331,6485,25003,3990
0,21,48,969289,459260,9286,18784,5591,21108,6043,6820
0,30,60,193873,91439,9305,77515,29838,30938,25266,21401
0,40,54,146752,45885,12194,3593,6834,4825,4661,4454
0,41,48,311113,20145,11904,1010,4577,2416,1389,822
0,44,54,232272,97632,4130,7469,5020,6370,4068,4253
0,34,43,201505,273000,16709,39549,22734,18851,21699,16543
0,37,27,67875,28782,1446,1363,2342,3139,1480,1917
0,40,23,351977,18633,5196,2076,5535,2342,1816,663
0,53,47,112076,25962,30392,13983,5856,19292,10308,6151
0,47,48,82870,50498,4841,5970,3866,1420,2531,3102
0,40,60,80935,84930,9211,13597,8930,5965,2046,2878,*
0,37,60,156564,48725,3418,15329,5550,4593,3891,914
0,20,43,401256,243087,25912,22531,18029,12647,5323,3940
0,23,60,116626,48021,46153,11433,11922,3483,4403,4684
0,23,44,110143,43772,1207,1618,3381,2520,2830,1874
0,21,37,252087,196287,18048,20862,22511,12318,7739,7970
0,20,34,637810,117241,9363,4845,3006,5136,912,533
0,29,11,161291,73687,7814,3955,4174,8214,2834,792
0,37,29,279872,179987,39935,36665,43671,28400,18931,15226
0,27,40,56446,19104,6528,2140,2083,657,694,794
0,41,51,140367,21102,8444,1726,3016,5452,3577,2525
0,48,51,261214,81181,9331,5037,8464,18142,15005,1956
0,47,53,345632,170964,33479,39823,32387,22209,10687,14370
0,56,50,78964,6065,931,1262,928,683,304,210
0,47,30,1093747,817633,45463,12340,29989,49343,11567,7076
0,40,41,313684,290138,11727,102797,31416,34506,20435,6664
0,43,57,520977,121398,107902,170737,31708,54273,20177,10468
0,37,56,22395,38769,5425,7196,5416,1764,929,616
0,37,69,2496611,297686,33162,34189,34024,21496,19553,14186
0,40,54,292249,40814,1955,2351,2351,6565,2824,1278
0,30,41,76772,17422,5985,2504,2521,1352,1207,857
0,27,43,602383,168702,30358,30377,21113,5356,3217,6203
0,34,26,3473943,264839,11942,3730,37708,27557,23641,10638
0,14,34,126986,118551,14140,6605,12614,2434,4798,1519
0,11,21,163714,49847,2910,4945,3127,2181,3735,1523
0,21,21,119128,9851,2366,989,125,954,896,662
0,23,29,426314,307024,6466,27505,29792,38232,8430,5008
0,38,34,285763,371033,89554,12967,64200,37561,7683,5551
51,38,34,1318153,164626,106272,57481,80977,28687,14241,10512
0,48,40,303466,101967,19642,16388,11431,17571,2986,925
0,50,34,511346,173791,5771,31687,42046,15961,11271,3225
0,47,44,82787,79136,12630,15044,10401,8443,2451,3266
0,40,44,2743001,234617,27413,34611,23022,12915,11863,21868
0,29,61,122665,25246,32505,5915,3771,2315,7815,3009
0,24,60,171097,377419,16888,39984,21211,20648,9360,9161
0,29,57,53651,23501,3487,8126,16180,5336,4425,1857
0,37,64,25132,42635,14345,7517,4433,5936,5686,1987
0,47,54,600650,178560,25426,79861,23646,31247,43525,14064
0,50,54,1371411,373274,43824,14750,31502,29867,21278,15913
0,44,66,239683,30282,27129,7526,5738,6041,3418,2480
0,40,56,1000299,206150,12129,31356,29214,12296,11006,6319
0,29,50,641719,65872,7376,9269,10369,3161,2960,3501
0,27,53,553014,426323,108029,14085,76896,29774,21164,18892
0,27,20,873472,262364,3616,4195,3507,24925,6545,10239,*
0,37,26,291045,40795,8660,4680,6328,7178,1957,2686
0,35,24,2919736,735695,114783,13635,55410,24858,53788,14607
0,24,34,83503,30159,10474,1998,1515,815,1055,1104
0,30,60,330059,22536,2725,11540,5840,6210,3707,3107
0,27,66,39036,8929,4557,1652,3835,1488,1001,846
0,30,69,97086,30824,6217,1365,4000,1584,1025,2136
0,40,75,196702,81152,50353,13167,11193,7044,4124,2699
0,34,67,669094,136789,14960,21190,27095,12534,11671,14427
0,24,61,62728,69618,14360,2333,2292,3439,504,511
0,29,75,376539,20045,9178,10428,4688,2936,1525,2689
0,29,69,146208,16082,4477,3404,1390,1132,223,200
0,29,78,363273,52570,22001,11311,12635,5708,4597,5027
0,41,77,750110,376009,34380,56220,26024,71728,18709,13641
0,38,67,194752,17364,3379,3068,762,1283,538,192
0,34,74,3385566,277118,195262,24548,60134,13871,8418,7307
0,37,74,2205218,273498,93109,106917,60795,50672,20864,12867,*
0,35,83,135053,14001,4422,3790,1889,2437,999,1375
0,47,87,1049713,62647,21312,12459,5817,21331,6473,2479
0,66,83,322119,44467,19871,14858,7132,16719,5128,1731
0,70,83,192563,10999,10808,1333,6488,4427,4380,3184
0,63,81,83925,32292,13865,1176,3006,2032,686,629
0,54,80,346452,20079,5940,4724,5535,2879,2866,1961
25,54,80,736573,29957,15568,3208,2615,3560,1833,852
0,41,69,506890,273157,15616,39946,10623,19199,9588,9243
0,35,53,2144935,152986,9371,12668,20338,14474,14380,7992
0,40,53,546340,43715,16530,5023,2647,4764,4051,4426
0,43,60,2149247,152261,82633,50543,30387,35072,21806,19694
0,34,64,55187,26841,4458,4098,636,766,2206,678
0,38,81,155041,29978,16253,6208,5068,6834,4228,4864
0,35,69,982064,715325,50784,55271,11370,45251,15636,8968
0,29,60,1663053,425565,81005,43411,24629,38198,25935,13725
0,34,48,172023,87801,4222,4977,7117,2812,3488,3546
0,23,35,1109121,187594,18004,14218,25273,9532,6569,4990
0,37,41,214215,79621,18595,24080,41615,28826,24870,7091
0,38,50,517017,17941,6727,6448,2941,2654,1563,743
0,48,60,638598,88674,22257,7217,15979,11031,6287,2848
0,54,56,581451,131816,7775,9022,8236,14719,2013,4013
0,44,48,259473,83086,10603,1370,7168,7304,3241,1533
0,40,24,299878,132409,3707,4435,2623,6340,7923,1510
0,24,34,291403,124299,66817,4589,2403,3071,4468,4432
0,23,34,1960125,180475,9263,13771,12718,17057,7532,3104
0,29,40,1371980,662959,122452,105957,181740,131764,60671,22243
0,30,63,945592,74086,24462,20637,6940,6755,3401,1100
0,51,61,553402,12322,4069,4647,3775,3056,3082,1444
0,41,70,1355824,184900,54301,10303,10088,8567,6688,4115
0,30,74,179134,42059,2901,8899,1271,2889,2001,2011
0,50,67,884366,28726,6596,13539,6290,18267,5413,2459
0,41,69,2356405,124281,7924,67748,14605,11459,3943,4296,*
0,47,70,165828,31736,3930,11124,4519,2717,597,1377
0,38,69,1241058,107646,18808,8340,10179,3291,1771,1077
0,26,83,630130,22247,26050,10874,2095,6731,2493,4415
0,35,90,591794,46043,44587,22860,7660,13651,3297,3864
0,29,77,186240,169186,8235,10782,8256,7149,5796,3863
0,38,83,1112170,97693,15523,39648,12229,7457,4194,4707
0,34,70,670088,210077,70240,42759,61973,22911,6292,3058
0,30,60,542707,131977,37225,22034,43236,18977,4199,3364
0,38,81,2274744,35915,20013,22035,11609,5400,4163,1508
0,35,81,98953,66282,7470,32842,7038,3779,4136,1250
0,23,93,517135,61663,33633,54307,10232,3412,5115,4979
0,24,96,864453,134648,26725,52254,16010,28472,19818,4214
0,23,90,451082,149446,38105,25825,12828,11579,3326,4000
0,29,91,1717323,148782,40424,82316,34474,21344,5181,3667
0,27,77,851210,147568,31376,8934,9394,3411,2885,2553
0,20,57,1716415,1135449,12549,108486,144946,59338,9341,29862
0,21,64,1380683,37858,1766,28117,4823,4858,3261,2165
0,8,51,1116797,718036,116532,10519,48643,13730,9580,2681
0,16,56,328129,61301,22123,8933,10525,3927,2412,668
0,26,87,913117,36275,48580,43799,4944,18647,11829,4796
0,29,83,668536,126482,48953,29735,18517,21619,6663,7504
0,50,100,1673568,107814,67182,82154,15401,38631,7918,2266
0,51,100,138678,50004,34877,13826,2576,4966,1263,642
0,38,96,21115,52693,30582,7660,16196,3524,1458,1652
0,34,77,232353,733380,24807,32765,35456,47978,18554,6953
0,24,64,1089394,1704700,404493,225844,41823,128346,40679,14678
0,34,53,1493211,883396,152059,134631,63617,151044,46115,19270
0,40,50,146859,56942,14986,12380,7599,6407,3392,1327
0,41,70,1025840,199739,95542,64001,37080,25844,14024,1539
0,41,78,2182702,424763,229214,69565,17352,35576,8331,5184
0,37,78,878176,325343,18697,75215,32595,34176,13786,5893
0,41,63,208931,56644,5142,2591,19378,7317,2418,885
0,41,60,1545524,875135,276736,148491,137652,102130,35782,7646
0,50,54,835705,43216,6379,19023,13103,8832,4193,1333
0,47,67,1128165,218512,143281,147834,41228,32139,9270,5790,*
0,50,70,1233896,45994,729,7996,11893,9497,4103,1123
0,44,66,1161530,482032,41794,85884,62715,26915,10454,3158
0,34,63,57531,32384,5987,5050,2234,1523,831,481
0,41,60,1133095,92957,35356,61458,21876,26831,4473,2395
0,35,67,352497,81834,2170,27988,9528,8584,4033,2926
0,41,78,560757,36311,14133,16583,8957,6147,2858,1960
0,54,87,1852280,111821,39472,62473,15344,39681,9164,6007
0,50,87,808971,72891,27045,46113,17898,11392,4569,1870
0,47,69,1343579,259750,16289,3084,20897,15107,4361,5245
0,43,56,405278,97273,9591,8406,10835,7595,1881,2913
0,35,53,245846,36982,8040,13465,4867,4128,1112,748
0,27,47,79243,57445,8963,17473,10298,3118,3262,928
